country,founded,id,industry,linkedin_url,locality,name,region,size,website
india,,TmCXeYJbvY2S0jEhfNk2jgrXwqWa,retail,linkedin.com/company/suumaya-retal-limited,sahar p and t colony,suumaya retail limited,maharashtra,51-200,
india,,8BtoU8IvHOgPiFHPfoEkIQb7FGRY,retail,linkedin.com/company/mangal-motor-lubricant,bilāspur,mangal motor lubricant,chhattisgarh,11-50,indiamart.com/company/5938744
india,2017,u3GXB6sCna9H1bHPw1rM5QJhNtzB,retail,linkedin.com/company/victor-metal-industries,mumbai,victor metal industries,maharashtra,1-10,indiamart.com/company/52072266
india,2020,VPiQyoYCNrEsZ202NdgL6QRg5aMA,retail,linkedin.com/company/kremasino,rajouri garden j-6,kremasino,delhi,1-10,
india,,qsn7cXRMX0urDxelQKEZowWKnnoa,retail,linkedin.com/company/laxmi-light-house,ahmedabad,laxmi light house,gujarat,11-50,indiamart.com/laxmilight-house-mumbai
india,,LNOuWCYC2QnoP8ARZ3Z3FQHiiXg3,retail,linkedin.com/company/kewlani-associates,raipur,kewlani associates,chhattisgarh,51-200,indiamart.com/company/15215680
india,,GTj2CMlzswSxDLtB8UF1NAqeGvRX,retail,linkedin.com/company/dimapur-market,showba old,dimapur market,nagaland,1-10,dimapurmarket.com
india,,cCweuqkieKYyCQHtGn3JuATQKxUZ,retail,linkedin.com/company/selection-store,delhi,selection store,delhi,51-200,indiamart.com/selection-store
india,,wKk6HBkJk3h5BZxsFv2CHw9zOQZ4,retail,linkedin.com/company/peacock-jewellery-private-limited,bangalore,peacock jewellery private limited,karnataka,51-200,peacock.com
india,2020,GvrBP36qx0UDceVaSoZJTA8nHEwz,retail,linkedin.com/company/tirthankar-shop,jaipur,tirthankar shop,rajasthan,11-50,tirthankar.co.in
india,2021,klqkcaMBCCCybXKOorjKDwFTNAzV,retail,linkedin.com/company/realyseinc,indore,realyse inc.,madhya pradesh,1-10,
india,2022,iaP6NjWKQVOojsQKVS3VdgCuj1PK,retail,linkedin.com/company/omorfo-homes,peeragarhi,omorfo,delhi,1-10,omorfohomes.com
india,,jtMLMCEOKUeiVta4psJbbwKrZJjQ,retail,linkedin.com/company/new-star-collection,nāgpur,new star collection,maharashtra,11-50,indiamart.com/newstar-collection-nagpur
india,,OG7EpwZQisAv5hLNXvRupgHnPXbN,retail,linkedin.com/company/musickden,ludhiāna,musickden,punjab,51-200,indiamart.com/musickden
india,,9bKXGb7lqIX60IQBwdKk7w4JkMQX,retail,linkedin.com/company/nature-s-cart,rānchi,nature's cart,jharkhand,1-10,naturecart.in
india,,PXNfKe23JyxLmj7I13JI0goD9jeR,retail,linkedin.com/company/mutton-stall,bangalore,mutton stall,karnataka,11-50,indiamart.com/company/14135392
india,,98R3uUIPoO0Sqh8QRMRmjweoSa4Z,retail,linkedin.com/company/pharma-soul,jalgaon,pharma soul,maharashtra,51-200,indiamart.com/pharma-soul
india,,npuvCLJ5cGBh1BrW01eFtwGADomZ,retail,linkedin.com/company/pravin-mobile-services,lātūr,pravin mobile services,maharashtra,1-10,pravin-mobile-services.business.site
india,,3AKBSwpHOK9sGIy5cIIZyAV6a9Qm,retail,linkedin.com/company/m-s.-r.-k.-&-co,rājkot,m/s. r. k. & co,gujarat,1-10,rishtagifts.co.in
india,,sgGJO6EL9jZDO1WXu7rDMgKDkGzQ,retail,linkedin.com/company/sainath-hardware,loni kalbhor,sainath hardware,maharashtra,51-200,indiamart.com/sainath-hardware-pune
india,,uNDKv39dFZn2m4VAt3iBVgwnzerf,retail,linkedin.com/company/inspacestores,ayanambakkam,inspace stores,tamil nadu,51-200,inspacestore.in
india,1980,4xWuXCwzFkm4WXwnhzcJFwoA7cbv,retail,linkedin.com/company/alokik-exclusive,delhi,alokik exclusive,delhi,11-50,alokikexclusive.com
india,,aCi6utjhsbn5jcOvxVcAxgYiYvfa,retail,linkedin.com/company/hindustan-refrigeration-stores---india,,hindustan refrigeration stores - india,,1-10,
india,,rCTNmswSbGv1dfG5R3gvsA3lWSTB,retail,linkedin.com/company/krishn-auto-products,rājkot,krishn auto products,gujarat,11-50,indiamart.com/krishn-auto-products
india,,USAPcBcNAdBN73NGC7SVbgrW21bs,retail,linkedin.com/company/mariyam-international,,mariyam international,uttar pradesh,1-10,mariyaminternational.business.site
india,,blh6eECNHyBwqJtZSqiCkQdWHflX,retail,linkedin.com/company/apala-bazar,kolhāpur,apala bazar,maharashtra,11-50,
india,2022,wHsWvVIlCFfJFyaP0CBClQWHPM4U,retail,linkedin.com/company/tsantaindia,pānīpat,tsanta,haryana,1-10,tsanta.in
india,,p6YBUr2DYWMX0AEug2C7gA3Af5Lq,retail,linkedin.com/company/suhas-engineering-co.,madgaon,suhas engineering co.,goa,11-50,indiamart.com/company/14489465
india,,mMcNbBNS8Az67olM3hv0PgerlESr,retail,linkedin.com/company/vely-international,mumbai,vely international,maharashtra,1-10,velyinternational.co.in
india,,XxqH0Haux2sy7EYZSBzaWAGNyp6i,retail,linkedin.com/company/garg-decors-and-hardware,r.s.puram east,garg decors and hardware,tamil nadu,51-200,gargdecors.com
india,,BuSylDTNKGpPBXqwKqaKoQVKc57R,retail,linkedin.com/company/swaranjali-fashion-store,mehkar,swaranjali fashion store,maharashtra,1-10,swaranjali-ladies-wear.business.site
india,,pnVdrzBUV48cbQahJiKdSwAGd9jH,retail,linkedin.com/company/united-techno-pack-industries,borivali,united techno pack industries,maharashtra,51-200,indiamart.com/company/25910801
india,2021,RQbvmNVTRghDG4utyK1YqgUy0Efa,retail,linkedin.com/company/pampucrafts,new delhi,pampu crafts,delhi,1-10,pampucrafts.com
india,,NTA0uhelgmFzmoZeT4WbTAVNyreD,retail,linkedin.com/company/shri-gopal-sons,alīgarh,shri gopal & sons,uttar pradesh,1-10,shrigopalandsons.rf.gd
india,,OIDjtmV4BC2BKWL71thnmADtf6pd,retail,linkedin.com/company/v.-a.-s.-p.-sanitary,chennai,v. a. s. p. sanitary,tamil nadu,201-500,indiamart.com/en-vision-lifestyle-chennai
india,,NYUlZpYiaXGmW0hS0kLq6A4gAg5H,retail,linkedin.com/company/vaishnavi-sales-and-service,yavatmāl,vaishnavi sales and service,maharashtra,11-50,indiamart.com/company/21648298
india,2004,Mnj99gQidF2dkfJIqMhXgwSWQ9hX,retail,linkedin.com/company/infinitimall,mumbai,infiniti mall,maharashtra,201-500,infinitimall.com
india,,8YIdi17x2K9JR6BSZjxTxA3Cc2pq,retail,linkedin.com/company/little-angels-kids-world,srinivasa nagar,little angels kids world,andhra pradesh,1-10,littleangelskidsworld.business.site
india,,7AZC3CltDZ31gSKmkTU58wTZhA00,retail,linkedin.com/company/akbrali-&-sons,indore,akbrali & sons,madhya pradesh,11-50,
india,,qU2cPg449yxuYRUbN1RX7gQDeCy5,retail,linkedin.com/company/shivay-automobiles,ratlām,shivay automobiles,madhya pradesh,1-10,shivayautomobiles.business.site
india,,VRb6OETdUPBBvio9I2FeYQ53txJW,retail,linkedin.com/company/sun-car-enterprises,coimbatore,sun car enterprises,tamil nadu,51-200,indiamart.com/company/2762708
india,2016,RzByDLqqy3FJJftt615WZAuKgXi1,retail,linkedin.com/company/the-art-exotica,jodhpur,the art exotica,rajasthan,1-10,theartexotica.com
india,2010,HH6pCYzspf51LzT8lkn50QYkgeX1,retail,linkedin.com/company/anantaa-technologies,delhi,anantaa technologies,delhi,11-50,anantaa.tech
india,,I1NdiLzgIU26ag7FZNSnRQNN2lj0,retail,linkedin.com/company/arun-exporter,chennai,arun exporter,tamil nadu,201-500,arunleatherexport.com
india,,7co1LvTATRFxsRL6a3rrkAHmybnb,retail,linkedin.com/company/m-a-tools,mumbai,m a tools,maharashtra,1-10,indiamart.com/m-a-tools
india,,FJsEPkzrgjE47iu0fg36CQ4SVK8i,retail,linkedin.com/company/kb-aqua-farm,bilimora,kb aqua farm,gujarat,51-200,indiamart.com/company/37409415
india,,ecUrCkQVA6d9fBDNyeSxvwQ2sMuS,retail,linkedin.com/company/savaliya-enterprises,ahmedabad,savaliya enterprises,gujarat,11-50,indiamart.com/company/33020410
india,,VmjaCZInhFuPVgDq5dfcywN3EEdn,retail,linkedin.com/company/sridha-motors,chākan,sridha motors,maharashtra,1-10,sridha.co.in
india,,u56rb02PcHEfAXYWqnp8EAZXTUtm,retail,linkedin.com/company/carson-leathers,peranāmpattu,carson leathers,tamil nadu,1-10,
india,,M8XWM3OdhPqso09NNCqs6gwdmPvf,retail,linkedin.com/company/grover-trading-corporation,delhi,grover trading corporation,delhi,11-50,indiamart.com/grover-trading-corporation
india,,NZZ9Bum7CCsOR1OVvhAkDQFrrgvG,retail,linkedin.com/company/keemoto-corporation,delhi,keemoto corporation,delhi,51-200,indiamart.com/keemotocorporation
india,,9TLVBD3I1sCsACfu1BR57ARmT7OQ,retail,linkedin.com/company/samaj-paper-mart,indore,samaj paper mart,madhya pradesh,11-50,indiamart.com/samaj-paper-mart-indore
india,,AeUtMThdxidMNfRlxp4tLQcmLsLU,retail,linkedin.com/company/sumber-bahagia,jalān,sumber bahagia,rajasthan,1-10,sumberbahagia.co.id
india,,lUi92ZeyBJBfEnQlWi6XPwMu6htc,retail,linkedin.com/company/gayatri-furniture,nava vadaj,gayatri furniture,gujarat,51-200,handloommachine.com
india,,Sp58CesRpGuCo64ZJPSvQw2EohTK,retail,linkedin.com/company/jagdamba-trader,delhi,jagdamba trader,delhi,51-200,indiamart.com/gmnc-technologies-limited
india,2016,vWaeBAZHQ6xfAIdjERMPVAoBnAaU,retail,linkedin.com/company/loyelte,new delhi,loyelte,delhi,1-10,loyelte.com
india,,aTGAlRWD7mTUcVrR9CebVgSLjlmA,retail,linkedin.com/company/fabrecon,lucknow,fabrecon,uttar pradesh,1-10,fabrecon.com
india,2012,tgszSFkE23RCBWsD7kjf0g5Y6vVI,retail,linkedin.com/company/ji-bolo-ji,lucknow,ji bolo ji,uttar pradesh,11-50,jiboloji.com
india,,l2XDg37MxyCF9GKrsz73wAU4Ski0,retail,linkedin.com/company/vishnu-hardware-and-plywood,hassan,vishnu hardware and plywood,karnataka,1-10,vhphassan.business.site
india,,KxdwEd6QBjANkFKcNOAsBgkWWnQ4,retail,linkedin.com/company/chakku-&-sons,trichūr,chakku & sons,kerala,11-50,indiamart.com/chakku-sons-company
india,,X8czvOm3ut4nTl9Lydp9qAdNeAxW,retail,linkedin.com/company/whirlpool-service-centre,bhopāl,whirlpool service centre,madhya pradesh,11-50,indiamart.com/company/13055698
india,,k2ub0MfNY31lnRF6OueTBAHqS2Ir,retail,linkedin.com/company/smartbee-store,sūrat,smartbee store,gujarat,11-50,smartbeestore.in
india,,RuMzma8GbCbipNCC1G5vfAHpWKvV,retail,linkedin.com/company/sree-shantinath-sanitary-world,perikeedu bridge,sree shantinath sanitary world,andhra pradesh,1-10,sree-shantinath-sanitary-world.business.site
india,,uRqCnkz6fVsnitNxr4YxyQBm52It,retail,linkedin.com/company/mobile-gadgets,bangalore,mobile gadgets,karnataka,11-50,
india,,Lel2YetzL6OB74wox9xPXg5UErWZ,retail,linkedin.com/company/amul-ice-cream,kolkāta,amul ice cream,west bengal,1-10,
india,1795,7Ahrcnv3hVQgy4HdPYsZcQTuFt6Y,retail,linkedin.com/company/bhagathalwai,nehru nagar,bhagat halwai,uttar pradesh,51-200,bhagathalwai.com
india,,U1As0lYLuBb0NZGMvNsr6g22rODv,retail,linkedin.com/company/satish-battery-invertor-and-electricals,ratia,satish battery invertor and electricals,haryana,1-10,satishbatteriesratia.business.site
india,2023,h40rkGHvSoA2gBaF3Tve4wHEzD5v,retail,linkedin.com/company/fabcuro,bangalore,fabcuro,karnataka,1-10,fabcuro.com
india,,x5Gf52PILGkSaJTrEJOm9gEpxxiR,retail,linkedin.com/company/nicon-enterprise,kolkāta,nicon enterprise,west bengal,11-50,indiamart.com/company/12575763
india,,fNp2gyXtMjRjGwdhGoyAGQ3VlHUg,retail,linkedin.com/company/tgb-cafe-n-bakery---india,ahmedabad,tgb cafe n bakery - india,gujarat,1-10,tgbbakery.com
india,,zq0X8uKLDMjB36Ij78NbKQ1ZpAdQ,retail,linkedin.com/company/globe-maridian-exports,bangalore,globe maridian exports,karnataka,201-500,
india,2013,qiB4Tf0GIStDcxRYRbDEsAABMmX5,retail,linkedin.com/company/industrial-pumps-&-instrument-company,coimbatore,industrial pumps & instrument company,tamil nadu,11-50,industrialpumpsandinstruments.com
india,2016,oqo8G1gBHztl0I0panJzYwqv8Sbd,retail,linkedin.com/company/rechargeinsta,ratlām,rechargeinsta,madhya pradesh,1-10,rechargeinsta.com
india,,eT1Uyq6B2BfQaxNz3ZyvTwCSkvLH,retail,linkedin.com/company/aadhya-collections,gadag betgeri,aadhya collections,karnataka,1-10,aadhyacollections.com
india,,kg27Q77w7VqNInHA8hAP4g52zNq8,retail,linkedin.com/company/shri-ganesh-machinery-store,degloor,shri ganesh machinery store,maharashtra,51-200,indiamart.com/company/15374415
india,,KedMulNBBn1XsjQRfEPjBwoLwHM7,retail,linkedin.com/company/lt-pujari,hubli vinobanagar,lt pujari,karnataka,1-10,ltpujari.co
india,,mOupwK9DlHQ5F3lwlPvjLglXYsXG,retail,linkedin.com/company/lena-enterprises,sivaganga,lena enterprises,tamil nadu,1-10,lenaenterprises.in
india,,BoiCMGXIwlt4LHSpghNRMAIOO7XG,retail,linkedin.com/company/sai-auto-deal,kharar,sai auto deal,punjab,1-10,sai-auto-deal.business.site
india,,zr4eh4PNL3EFPhTw7nbacwfxR0s4,retail,linkedin.com/company/s-s-trade-links,nāgpur,s s trade links,maharashtra,11-50,indiamart.com/ss-trade-links
india,2021,KK8EWI285xUsR0miQAwD4wJ3PVPr,retail,linkedin.com/company/thecocobowls,bicholim industrial estate,thecocobowls,goa,1-10,
india,,4QGb6RCBSD6MT2ynhG5nYgYPYyKW,retail,linkedin.com/company/radhe-plywood-&-hardware,ahmedabad,radhe plywood & hardware,gujarat,51-200,indiamart.com/radhe-plywood-hardware
india,,CxaqQ5CdCI8fkwvsUUxryguLVoeB,retail,linkedin.com/company/bhanu-battery-agencies,secunderābād,bhanu battery agencies,telangana,11-50,
india,2014,PF0BQYPvFksy9k35KIWPCweEgbRn,retail,linkedin.com/company/tyresnmore,mumbai,tyresnmore.com,maharashtra,51-200,tyresnmore.com
india,,lJxvQberuTB6HLoKDdhX1gXDszwX,retail,linkedin.com/company/anshu-metal-&-polymers,ratan lal nagar,anshu metal & polymers,uttar pradesh,201-500,indiamart.com/company/4457498
india,2023,NBOcMyRCHhBHgCujeqPFeAR4iOZT,retail,linkedin.com/company/sthapatya-decor,vadodara,sthapatya decor,gujarat,1-10,
india,,6lpDZ6Cd3fCI4MsSFYkpdgRAM2fP,retail,linkedin.com/company/krishna-dj,pupri,krishna dj,bihar,11-50,indiamart.com/company/38075773
india,,DG4wWMpq0ht0ACqLLUMTEQQvJwxc,retail,linkedin.com/company/rajesh-hardware-&-electricals,āsansol,rajesh hardware & electricals,west bengal,1-10,rajeshhardwareelectricals.business.site
india,,BTudGsXyFToNUpMQM8vHeAD8LzMt,retail,linkedin.com/company/m.s-bhogal-n-sons,ludhiāna,m.s bhogal n sons,punjab,1-10,msbhogalnsons.com
india,,3XROeCxiyI45M30npEDICQjd5ti8,retail,linkedin.com/company/srutheesh-sports-dress,,srutheesh sports dress,puducherry,1-10,srutheesh-sports-dress.business.site
india,,6F8up2NuFWUQkqioYBb3Ywe1QYSO,retail,linkedin.com/company/adiricha,farīdābād,adiricha,haryana,1-10,adiricha.com
india,,tzZ1c8hMhG8vloKwBlhGBQNur7P1,retail,linkedin.com/company/virasat-store,kharar,virasat store,punjab,1-10,virasatstore.com
india,,Vv8P06nECY7x9c6CRoFfqAV381d0,retail,linkedin.com/company/access-2-technologies,secunderabad h.o,access 2 technologies,telangana,1-10,access2technologies.in
india,,ZprhLrOZMWBEeKGf4In6dwt9Ni18,retail,linkedin.com/company/metro-mumbai,mumbai,metro mumbai,maharashtra,1-10,metromumbailive.com
india,,sLrQQu99Z45mbW04yCUzVgRZzCyd,retail,linkedin.com/company/jai-durga-building-materials,sausar,jai durga building materials,madhya pradesh,1-10,jai-durga-building-materials.business.site
india,,YulLFW2tkuwdtL4uC64GPgwxlali,retail,linkedin.com/company/micro-plastic-industries,ambāla,micro plastic industries,haryana,11-50,indiamart.com/microplast
india,2014,jLJ8HIjujwn0tByvlUBnjQI0bXND,retail,linkedin.com/company/bitrontix,new delhi,bitrontix,delhi,201-500,bitrontix.com
india,2019,XCFC8YsJvgLHC7VHboTAVAIK1swW,retail,linkedin.com/company/prime-shopper123,sūrat,prime.shopper@yahoo.com,gujarat,1-10,sell-4-all.company.site
india,,MTObicgGnhcGuVt1Cc5IZg01eugU,retail,linkedin.com/company/relief-supplier,delhi,relief supplier,delhi,201-500,indiamart.com/relief-supplier
india,,7qYGWV8UBPaUJQGgd1mKDQK1tLDv,retail,linkedin.com/company/alcon-heat-exchangers-private-limited,pālghar,alcon heat exchangers private limited,maharashtra,11-50,indiamart.com/laxmiautomobiles
india,,7uJzBndofJHWsMFIbIih3A4IlZU4,retail,linkedin.com/company/dr-store-in,wagle i.e.,dr store in,maharashtra,51-200,
india,,HVKmtAWsyvCCKovgxPY0BwgxWKDg,retail,linkedin.com/company/arena-karol-bagh-,karol bagh,arena karol bagh),delhi,1-10,arenaofkarolbagh.com
india,,aEBWHe6lFB3ASkE5caF0tAuxpCcZ,retail,linkedin.com/company/rr-global-consultants,nawanshahr,rr global consultants,punjab,1-10,
india,,gUtE96RaJrbCgd4Z0twnXAkCoMa1,retail,linkedin.com/company/jaishree-graphics,beāwar,jaishree graphics,rajasthan,1-10,jaishree-graphics-corporate-gift-supplier.business.site
india,,LxMAUFLc3HHeYxKLb7AlGA18XRM2,retail,linkedin.com/company/ronrich-safe-mart,trichūr,ronrich safe mart,kerala,11-50,indiamart.com/ronrichsafemart
india,,W0XsxlWSzEEIx6lsvBzGBQBBMRFJ,retail,linkedin.com/company/kala-gems,jaipur,kala gems,rajasthan,11-50,kalagems.com
india,,n8jBpS7BISkg3ErJ9FZ8bAH0oHB6,retail,linkedin.com/company/adrm-associates,tinsukia h.o,adrm associates,assam,1-10,adrmassociates.com
india,,J48Bb7I3aeENm8pFhn9PIg8DaGvc,retail,linkedin.com/company/krv-chetty-&-son,bangalore,krv chetty & son,karnataka,1-10,krvchettyandson.business.site
india,,dNV4RmEcVf5Q0JH8wjduWgcssqha,retail,linkedin.com/company/adicha,noida,adicha,uttar pradesh,201-500,adicha.com
india,,BtEvJG2pqg31NefIDGeCFgyp4iyA,retail,linkedin.com/company/hindustan-trading-agencies,mumbai,hindustan trading agencies,maharashtra,11-50,hindustantrading.net
india,,d7OFBXX8VVulLUw0G3NWAQhePQqc,retail,linkedin.com/company/sri-sai-nidhi-mobiles,hyderābād,sri sai nidhi mobiles,telangana,11-50,indiamart.com/company/24795380
india,,feTJZT1h8IPLzF3nNoortQfMO0Qz,retail,linkedin.com/company/pooja-power-tools,sūrat,pooja power tools,gujarat,51-200,indiamart.com/pooja-power-tools
india,,DCkh7pAqHZXHH2S0n1Z9tgA8Sm4O,retail,linkedin.com/company/quality-aire-solutions,mohāli,quality aire solutions,punjab,1-10,indiamart.com/qualityairesolutions
india,,lJ5A4wWeCWCydcUVm3FdFwmLDYQO,retail,linkedin.com/company/shiv-battery-house,mainpuri,shiv battery house,uttar pradesh,1-10,indiamart.com/shiv-battery-house
india,,jq8JOenBqycl2AXHmRRB6gnaSuCW,retail,linkedin.com/company/saniya-distributors,aurangābād,saniya distributors,maharashtra,1-10,
india,,og1XcDWZLwnEmkByREZNmQrKlHCF,retail,linkedin.com/company/dcm-retail-store,patna,dcm retail store,bihar,1-10,dcm-retail-store-fabric-store.business.site
india,,5poaCgqF6inj7zdce4bkfg1uR8up,retail,linkedin.com/company/sabhari-apparels,15 velampalayam,sabhari apparels,tamil nadu,51-200,indiamart.com/sabhariapparels
india,2022,kk2LSCqPXazA7BPeFYdGUwMTKn1K,retail,linkedin.com/company/battalionbikes,chennai,battalion bikes,tamil nadu,11-50,battalionbikes.com
india,,ESlqeBsZCtdOIcuVY4qQawN3h0br,retail,linkedin.com/company/baba-international-enterprise,sinnar,baba international enterprise,maharashtra,1-10,babaintent10.wixsite.com
india,2016,Wdi3jFNpw1eeESLaBySbCAZezdI5,retail,linkedin.com/company/macngrid,delhi,macngrid,delhi,11-50,macngrid.com
india,,askB3W8gtHQBA9z5Ux2lpwucqhS2,retail,linkedin.com/company/muskan-communication,ghāziābād,muskan communication,uttar pradesh,51-200,indiamart.com/company/29089436
india,,MLNw6gWAHXC2RwoC6mAYZA1x5LGp,retail,linkedin.com/company/gbg-traders,ludhiāna,gbg traders,punjab,51-200,wallchamp.in
india,,esHSjK8kGNQYfa4KeUNrpQx6Oq88,retail,linkedin.com/company/jalaram-agencies,mumbai,jalaram agencies,maharashtra,11-50,indiamart.com/jalaramagencies
india,,7cGaagvGm0sqoKHg6P0k7wKssKqH,retail,linkedin.com/company/digital-darbaar,new delhi,digital darbaar,delhi,201-500,digitaldarbaar.com
india,,9okEY8SQJEXPBHtrJWV8KgHEioEt,retail,linkedin.com/company/subarna-interior,nggo colony tiruvallur,subarna interior,tamil nadu,1-10,indiamart.com/subarna-interior
india,,kIkUpVY65sfCBbH58VjEXAC9SVpJ,retail,linkedin.com/company/usk-stoves-limited,industrial estate,usk stoves limited,uttarakhand,1-10,uskstoves.co.uk
india,,TZUjb9sPNpBw1kAa8h1nBwnQSW8V,retail,linkedin.com/company/shivali-enterprises,pāta uppāl,shivali enterprises,telangana,11-50,indiamart.com/shivali-entp
india,,HAIE68rzcilXYsalPKTkYQNj4qm7,retail,linkedin.com/company/okinawa-scooters---varsha-motors,akola,okinawa scooters - varsha motors,maharashtra,1-10,varshamotorsakola.business.site
india,1969,BRn3TkXPBO4QJDCvIGAAFgaTH6q8,retail,linkedin.com/company/muthu-fire---shri-muthu-engineering-company,coimbatore,muthu fire - shri muthu engineering company,tamil nadu,11-50,indiamart.com/muthu-fire
india,,muy3BtGs5Bp1otTCCIcdmQ8xmRea,retail,linkedin.com/company/ramsun-autos,tiruchirappalli airport,ramsun autos,tamil nadu,1-10,ramsunautos.com
india,,BNNwBj3vp7keIh3kp5nyiAXSWDjs,retail,linkedin.com/company/shivasakthi-electrical-ariyalur,vilāngudi,shivasakthi electrical ariyalur,tamil nadu,1-10,shivasakthi-electrical-ariyalur.business.site
india,2021,2GyB3WlX3rvfCP1d5kCBpwUU785b,retail,linkedin.com/company/highlife-eatables-pvt-ltd,sonīpat,highlife eatables pvt. ltd.,haryana,201-500,eatable.store
india,,rauN7LPN7KbVxG3f1ZPWhQ002qVB,retail,linkedin.com/company/grover-traders,panchkula,grover traders,haryana,1-10,grovertraders.business.site
india,,1LzucCsCw7BqEhBM3pDjcQu1Y6eA,retail,linkedin.com/company/e-tech-international,delhi,e tech international,delhi,11-50,etechinternational.in
india,,d9m9mJ2t2JOosTe2ZoNfCQjvNUvm,retail,linkedin.com/company/water-level-controller-sales-&-service,bangalore,water level controller sales & service,karnataka,1-10,water-level-controller-water-softening-equipment-supplier.business.site
india,,SqQABVFUHA8nzWybPwupQQyDybBL,retail,linkedin.com/company/mukesh-sound-kapasan,kapasan,mukesh sound kapasan,rajasthan,1-10,mukesh-sound-kapasan.business.site
india,,4Db2GRM6rxMgTigIMQh2AgtXjAzH,retail,linkedin.com/company/star-refrigeration-works,nashik,star refrigeration works,maharashtra,501-1000,indiamart.com/star-refrigerationworks
india,,i5zqgMJFTfDBMQuTbFl6uQz9F5KZ,retail,linkedin.com/company/modern-bag-centre,indore,modern bag centre,madhya pradesh,11-50,
india,,yTI4McphT3CeQmFzCkRQ6QmjOIWX,retail,linkedin.com/company/vsm-aqua-port,chennai,vsm aqua port,tamil nadu,11-50,indiamart.com/company/9687643
india,,QGsr4B9dlqZsT2Smad2P8AgpnUMa,retail,linkedin.com/company/crompton-greaves-limited-jaipur,jaipur,crompton greaves limited jaipur,rajasthan,1-10,indiamart.com/cglimited
india,,Ai7qiKLRdlqRsbBCvMDWJAqc973E,retail,linkedin.com/company/soham-infomedia-services,ajmer,soham infomedia services,rajasthan,11-50,indiamart.com/sohaminfomedia
india,,IB3suM5zV1VhwUDr8kBDjQRlsnyb,retail,linkedin.com/company/durga-music,kosi kalan,durga music,uttar pradesh,51-200,indiamart.com/company/12121115
india,,GzRaRD0WMCKBmfgsXWx2RgwGxZ4q,retail,linkedin.com/company/kharati-di-hatti,abohar,kharati di hatti,punjab,1-10,fabpunjabi.com
india,,s5M3lnARW5O1GZiDUplX1g8iWhV7,retail,linkedin.com/company/good-luck-electricals,aurangābād,good luck electricals,maharashtra,51-200,indiamart.com/company/15271612
india,,mbJ7Plbg2cA2X7gjfK4LbAeOKx3r,retail,linkedin.com/company/bhagyoday-metals,ernākulam,bhagyoday metals,kerala,11-50,indiamart.com/bhagyodaymetals
india,2018,z0SmLvZegDjdaZIVKFEPcg0rn56X,retail,linkedin.com/company/prospect-exhibition-and-design,thāne,prospect exhibition and design,maharashtra,11-50,prospectdesigns.in
india,,BmJhno2RobKu7TS384OPcwJDJwzj,retail,linkedin.com/company/the-mobile-store---india,,the mobile store - india,,1-10,mobilestore.in
india,,WBZFgtCc6FK5195di9BbbgwXHUoE,retail,linkedin.com/company/universal-paper-impex,delhi,universal paper impex,delhi,51-200,indiamart.com/universalpaperimpex
india,,REdLIDQEbrvtBU6keIGzcwEIqbKB,retail,linkedin.com/company/rajkumar-agencies,nāgpur,rajkumar agencies,maharashtra,11-50,indiamart.com/allied-product
india,,XkPWjZukXivBa6AOXTBnlQBzxPhx,retail,linkedin.com/company/pb35-grocery-app,pathānkot,pb35 grocery app,punjab,1-10,pb35.com
india,,SutAez4FVa4jYa3QlmFlrQ18KHD5,retail,linkedin.com/company/j.-s-hardware-store,kanpur,j. s hardware store,uttar pradesh,11-50,indiamart.com/js-hardware-store
india,2010,pVO7m7rNMEoo6CuWHTlCtgAxcm5B,retail,linkedin.com/company/skyglobalpvtltd,new delhi,sky global pvt ltd | barcode label | sticker manufacturer in india,delhi,11-50,skyglobal.in
india,,Ml4SBSREoxe0cidNlMaYOweyRp89,retail,linkedin.com/company/national-hardware-mart,rajkot mochi bazar,national hardware mart,gujarat,51-200,indiamart.com/nationalhardwaremart
india,,92CtFP5ue1KcfIbCNOfD1gGreS77,retail,linkedin.com/company/farmerrflorist,bangalore,farmerr,karnataka,11-50,farmerr.in
india,,O3GdAuMpOdp11OwKUXBaUw1rEFS5,retail,linkedin.com/company/bike-spears-pare-parts-shivaji-nagar,bangalore,bike spears pare parts shivaji nagar,karnataka,1-10,bikespearsparepartsshivajinagar.business.site
india,,nexH9nBbMhVxf0w2OdK0rAji5E98,retail,linkedin.com/company/shinayele,bangalore,shinayele,karnataka,51-200,indiamart.com/shinayele
india,,iWNiUbtS1tSJi6BYA3c0Cgc9GA0A,retail,linkedin.com/company/punjab-building-matiral-store,khanna,punjab building matiral store,punjab,11-50,indiamart.com/company/16628772
india,,qpedsLIMX4XksCEhmXF8JgFboqMy,retail,linkedin.com/company/cars4,vaidyarangadi,cars4,kerala,11-50,indiamart.com/company/13697862
india,,bQdqNX9BSInpPeaIRoJLqwgDMady,retail,linkedin.com/company/purvi-enterprises,bhopāl,purvi enterprises,madhya pradesh,51-200,indiamart.com/company/7046309
india,,sxIHF0gFtR33uh9cBVBCOQimxxDg,retail,linkedin.com/company/adhunik-power-system,lucknow,adhunik power system,uttar pradesh,51-200,indiamart.com/adhunik-power-system-lucknow
india,,W2XBPK5Yh5VIyDDhWTEu5Q20HSeX,retail,linkedin.com/company/ga-a3-art-workshops-retreat,karve,ga a3 art workshops retreat,maharashtra,51-200,gayatri-deshpande.com
india,,EzMJjoIKYBrliuaoqGqfDASl6e1P,retail,linkedin.com/company/sr-marketters,kanniyākumāri,sr marketters,tamil nadu,11-50,indiamart.com/nims-shayadri
india,,WVCEiCMqAHuqBVEomGv30Anzlrpd,retail,linkedin.com/company/shiloh-creations,hyderābād,shiloh creations,telangana,1-10,shilohbridals.com
india,,mJvG0NJwkaviaaAPkj3TfwM9Zd4T,retail,linkedin.com/company/singh-marketing,hyderābād,singh marketing,telangana,51-200,indiamart.com/company/48198409
india,2022,CgNdlf1ncj46OzbWMjFBwQllKDIf,retail,linkedin.com/company/shedit,thāne,shedit,maharashtra,1-10,thinkwynk.media
india,2019,qbr4EGgYaEQGCQMRwT41GwD1pStm,retail,linkedin.com/company/arogyum,nāsik,arogyum,maharashtra,1-10,arogyum.in
india,,zxh4X97kDBDkUfOVuXNlEQdDoUan,retail,linkedin.com/company/hindustaan-auto-sarvice-&-spair-parts,lagucha,hindustaan auto sarvice & spair parts,uttar pradesh,1-10,hindustaan-auto-sarvice-spair-parts.business.site
india,,OD0LKN3xToHX5kxUIBVaNgqpKyiC,retail,linkedin.com/company/mahavir-pvc-cables-factory,cuttack,mahavir pvc cables factory,odisha,11-50,indiamart.com/mahavir-pvccables-factory
india,,5YHZtXR6plWL6Nzu0CC6qQmrVe3E,retail,linkedin.com/company/atash-trading,mumbai,atash trading,maharashtra,51-200,atashgroup.com
india,,B5ZGu4K8KCWRxfBA1wix4A0v1skK,retail,linkedin.com/company/dholkiya-lubricants,nāgpur,dholkiya lubricants,maharashtra,51-200,
india,,3eB4G6azxhBvqxRVeyawhQ4VdzWa,retail,linkedin.com/company/jagdamba-saree,bārun,jagdamba saree,bihar,1-10,jagdamba-saree.business.site
india,,VhKieRCHblRPzyuBFAhigQAfV3tU,retail,linkedin.com/company/elahi-hardware,koch bihār,elahi hardware,west bengal,1-10,elahihardware.business.site
india,2022,6Kf9HKCAZuxa75O7iM0cqgDMb3EM,retail,linkedin.com/company/a1mart,āgra,a1mart,uttar pradesh,1-10,a1mart.in.net
india,,smtRUak5j6DPbeP34G19cQgLduyI,retail,linkedin.com/company/bhagirath-enterprise,mumbai,bhagirath enterprise,maharashtra,11-50,
india,,d5WqdMR4acNByNzhfDnDSAmUHUPp,retail,linkedin.com/company/online-vegetable-shop,nāgpur,online vegetable shop,maharashtra,51-200,justclickmart.com
india,,NZP9463KLY7Ds1gTmVdWNwh3chOn,retail,linkedin.com/company/the-raymond-shop-adyar,chennai,the raymond shop adyar,tamil nadu,1-10,
india,,VSZ7zwFcJSJckqjxHu9hGwKh5B6S,retail,linkedin.com/company/nikhileshwaranand-food-products,chakia,nikhileshwaranand food products,uttar pradesh,1-10,dxnindia.co.in
india,,CD1vPjATaPo1JuMZB4vIzQQbUPaF,retail,linkedin.com/company/i-ball-service-centre,āgra,i ball service centre,uttar pradesh,201-500,indiamart.com/iballservice-centre-agra
india,,MUjy59m194uopbnSwyalyQXdfs4N,retail,linkedin.com/company/balaji-drug-store,new friends colony,balaji drug store,delhi,201-500,balajidrugstore.com
india,,Ij0SqxjSC1o74K2UoqepNANy7UdK,retail,linkedin.com/company/ganga-marketing-and-distributor,srīrangam,ganga marketing and distributor,tamil nadu,11-50,indiamart.com/company/6597463
india,,VXPD4xaLLRvcysbtczl2bgH3VWz4,retail,linkedin.com/company/radha-madhav-medical-hall,krishnanagar,radha madhav medical hall,west bengal,1-10,radha-madhav-medical-hall.business.site
india,2021,KdCMKJD1n4s0puQCXLkivgvLC8mh,retail,linkedin.com/company/mugsvilla,delhi,mugsvilla.com,delhi,1-10,mugsvilla.com
india,,JUC5QBer6MWrsB7jmBFyPwqUggyN,retail,linkedin.com/company/sri-krishna-textile,delhi,sri krishna textile,delhi,11-50,indiamart.com/sri-krishna-textile
india,,F7xM0AV3CQemC50jA09EHA5QBMTG,retail,linkedin.com/company/sri-padmavathi-electrical-&-electronics,pune,sri padmavathi electrical & electronics,maharashtra,51-200,indiamart.com/company/42544256
india,,pqAp7s27kyORSYzGe7SC4QVbg5NG,retail,linkedin.com/company/pingle-audios,shivaji nagar,pingle audios,maharashtra,11-50,
india,,ewEQF7EjOLAShUayMa7rCgz4aJRn,retail,linkedin.com/company/jeet-electronics-&-eng-i-private-limited,chākan,jeet electronics & eng i private limited,maharashtra,1-10,indiamart.com/jeet-electronics-eng
india,,2CIo0w6VHFpBVK4z8psVEQ3aEE0p,retail,linkedin.com/company/fingerprint-solutions,chennai,fingerprint solutions,tamil nadu,1-10,fingerprint-solutions.business.site
india,,tV4xthOWV6igF9bRSpCS8gD2Kf10,retail,linkedin.com/company/muktha-&-co,bangalore,muktha & co,karnataka,1-10,mukthagingercafe.com
india,,nPQC38In6X4hrByjTh77XAIkEIqA,retail,linkedin.com/company/nss-trade-india-private-limited,industrial estate,nss trade india private limited,maharashtra,11-50,
india,,8cRpKsQSRkrq9lss3wTtMAqeSfQ4,retail,linkedin.com/company/cryotech-refrigeration-&-hospitality-p.-limited,chennai,cryotech refrigeration & hospitality p. limited,tamil nadu,51-200,indiamart.com/company/4917774
india,,BjZSofD20eKL0WYYBLCKegKYoylr,retail,linkedin.com/company/books-and-publishers,kolkāta,books and publishers,west bengal,1-10,booksandpublishers.com
india,,X5qT99uCDeerUzxciqlCGAZ5OlUk,retail,linkedin.com/company/sigma-scientific-enterprises,imphāl,sigma scientific enterprises,manipur,11-50,indiamart.com/sigmascientific-imphal
india,2021,J7gSh9iqpEQEebwDgHjedAyObsH3,retail,linkedin.com/company/kanaa,coimbatore,kanaa foundation,tamil nadu,1-10,kanaa.org
india,2015,MpAW8cn0NLlOQEsrphPchAc4ZwHy,retail,linkedin.com/company/overraherbals,nai basti bathinda,overra herbals,punjab,51-200,overraherbals.com
india,2022,4Ia2IygAwMEYhuDdvnABmwWrvDCz,retail,linkedin.com/company/ashokasundarijewels,jaipur,ashokasundari jewels 👸🏻,rajasthan,1-10,ashokasundarijewels.com
india,,jHQbSSqOUjk1Pn5LhCCgLg1eSX5P,retail,linkedin.com/company/mahaveer-hardware-electricals,nellikkuppam,mahaveer hardware electricals,tamil nadu,1-10,mahaveerhardwareelectricals.business.site
india,,upyuBCl9cEbBngkREQeztwfsLXUG,retail,linkedin.com/company/the-lights-gallery,ludhiāna,the lights gallery,punjab,1-10,indiamart.com/thelights-gallery
india,,qROoeZkPrf6teBPt080VeA2Kml6D,retail,linkedin.com/company/singh-pustakalaya,purnea,singh pustakalaya,bihar,1-10,singh-pustakalaya.business.site
india,,RaeqB6zrBIiWFyS3DlYJGAyorJso,retail,linkedin.com/company/sai-hvac-engineering,vasai-virar,sai hvac engineering,maharashtra,51-200,indiamart.com/sai-hvac-engineering
india,,CZNs8LfIfeWOtzBvgmjziw4dDbxb,retail,linkedin.com/company/juneja-electric-company,chandīgarh,juneja electric company,chandigarh,51-200,indiamart.com/junejaelectriccompany
india,,2gpL7W41t77eupcVQcWNygbaNWd8,retail,linkedin.com/company/beautesecrets,gurgaon,beauté secrets,haryana,11-50,beautesecrets.com
india,2019,6MnZYQT2xLdj1k9eaE6QvQKvxP3R,retail,linkedin.com/company/fitoorz,ambāla,fitoorz,haryana,11-50,fitoorz.com
india,,PKUyCvdGeGcI37CSnAXlpQU9n6Ld,retail,linkedin.com/company/khandelwal-pipe-traders,indore,khandelwal pipe traders,madhya pradesh,11-50,
india,2011,TE2gTNlTUGyiKe5CFJvMLAzUNrfE,retail,linkedin.com/company/toby---made-with-passion,puducherry,toby - made with passion,puducherry,201-500,facebook.com/ytoby
india,,QQIp8JtdNE91t0KQtMctPQZp2TjD,retail,linkedin.com/company/nehru-electricals,charhi,nehru electricals,jharkhand,11-50,indiamart.com/nehru-electricals
india,,XVtlBf8gx6QiCz9hSbdCOQCcCsqN,retail,linkedin.com/company/space-kitchens,koothattukulam,space kitchens,kerala,1-10,spacekitchens.in
india,,0cfrwCZoW2xDnyeZDBLJLQsLfHk8,retail,linkedin.com/company/shree-balaji-auto-parts,rohtak,shree balaji auto parts,haryana,1-10,shreebalajiautoparts.business.site
india,,SCyxd9jKB9GKtGBp8apgyABvPjJU,retail,linkedin.com/company/gita-traders,ctm char rasta,gita traders,gujarat,11-50,reliablehx.com
india,,xiEwRobwLaV9CuztACTwvQ77Louv,retail,linkedin.com/company/shiva-hi-tech-industries,ghāziābād,shiva hi-tech industries,uttar pradesh,11-50,indiamart.com/shiva-hitech-industries
india,,m09FaxhdaeAhbyjuYYA24ADdyNYl,retail,linkedin.com/company/sanjay-air,bhīlwāra,sanjay air,rajasthan,51-200,indiamart.com/sanjay-air
india,,30RzO0OJ7BpdA6wGphqqjgQAOnuH,retail,linkedin.com/company/sri-balaji-hardware-and-plywood,hyderābād,sri balaji hardware and plywood,telangana,51-200,indiamart.com/sri-balaji-hardware
india,,b4LdxUu3a7ZrHBAhvHU9fw8yzwYv,retail,linkedin.com/company/shopping-centres-association-of-india,mumbai,shopping centres association of india,maharashtra,1-10,
india,,oDiHYe42SIGaZVbHUXIB2w2jEyiD,retail,linkedin.com/company/baishakhi-store-cosmetics-and-stationary-,pārulia,baishakhi store (cosmetics and stationary),west bengal,1-10,baishakhi-store-cosmetics-and-stationary.business.site
india,,UjHxlmqoYmSEQ6N3ruGeLg7gAwyT,retail,linkedin.com/company/govind-timber-trading-company,garg purwa,govind timber trading company,uttar pradesh,51-200,
india,2020,msPzwWGEBElBLdSqJlqbGAao8RrS,retail,linkedin.com/company/sassage-stickers,bangalore,sassage stickers,karnataka,1-10,sassagestickers.com
india,,BRaXatkbzwMX9mtkNN7VIgPfvAPr,retail,linkedin.com/company/aster-medcit,kochi,aster medcit,kerala,51-200,dmhealthcare.com
india,,4dfBEBOFDQrTjZfFyEMkzACDkkS0,retail,linkedin.com/company/jeevandeep-medicine-shop,krishnapur,jeevandeep medicine shop,west bengal,1-10,jeevandeep-medicine-shop.business.site
india,,y1Bj2ASrvv8ZqPoZM1ZjPwyd6QN6,retail,linkedin.com/company/yoganta-enterprises,bhubaneshwar,yoganta enterprises,odisha,201-500,indiamart.com/company/13620530
india,2017,5jubE75nFcR9HpJxxIppKAspYl7N,retail,linkedin.com/company/abhishti,new delhi,abhishti,delhi,1-10,
india,,rCxeEQslMJCBM9NLyOQjzwjSVakC,retail,linkedin.com/company/supreme-pipes-india,ma west masi street,supreme pipes india,tamil nadu,11-50,indiamart.com/company/42446871
india,,FmCFRBYZsmQexhorUDio9gnjdhLv,retail,linkedin.com/company/himala-a-store,bangalore,himala a store,karnataka,201-500,himalayaherbalhealthcare.com
india,,qTRCnja1CsG6iqRyaOOWPwExEXdE,retail,linkedin.com/company/jk-aerocon-enterprises,hyderābād,jk aerocon enterprises,telangana,51-200,indiamart.com/jk-aerocon-enterprises
india,,rYn3f7MyVAXeC2cs7XZTFwC7H8k8,retail,linkedin.com/company/flamingo-furniture-centre,thiruvananthapuram,flamingo furniture centre,kerala,51-200,flamingofurniturellc.com
india,,1AizlctvpQ68VY3dUHzfiA4Wi0Ng,retail,linkedin.com/company/the-carpet-collective,new delhi,the carpet collective,delhi,1-10,thecarpetcollective.com
india,,P1UaAgq3x8yheC4x5GzcLAryVvdU,retail,linkedin.com/company/infinity-retail-limited.-croma-tata-group.,mumbai,infinity retail limited.(croma) tata group.,maharashtra,51-200,
india,,BPaC8avoVApfgBjCd00CzwJXEpDQ,retail,linkedin.com/company/arush-store,mumbai,arush store,maharashtra,201-500,arushjewel.in
india,,hm1fcGEwiy4STJJ34YINWAqmF10M,retail,linkedin.com/company/surya-fire-&-safety-systems,hyderābād,surya fire & safety systems,telangana,51-200,indiamart.com/suryafire-safetysystems
india,,rm4AWZEClRdPtNjr0gkgQAnjPmsB,retail,linkedin.com/company/littel-hut,anna nagar,littel hut,tamil nadu,201-500,littlehut.com
india,1962,144nyAWXi6BVViMScx4uVgLxcU3l,retail,linkedin.com/company/bk-jagan-co,chandīgarh,bk jagan & co,chandigarh,11-50,bkjagan.com
india,,LCTCAAJPudSTiO5tFZcATwzVDe4S,retail,linkedin.com/company/bookbrace,vishākhapatnam,bookbrace,andhra pradesh,1-10,bookbrace.com
india,2017,aUB4aaWC46vF5khBwjhAqAPTHSNk,retail,linkedin.com/company/amsdwarkamore,new delhi,arora mobile & services,delhi,1-10,arora-mobile-services.business.site
india,,rBWFdgU1Wru7cYXOotDw8QBIe63r,retail,linkedin.com/company/jb-automobile,howly,jb automobile,assam,1-10,gbautomobile.business.site
india,,aZOPoSnWYyJSeirF06CLIwFxv8mS,retail,linkedin.com/company/kalpna-traders,sūrat,kalpna traders,gujarat,11-50,indiamart.com/kalpna-traders
india,,gB3lOkPW32hNKQYKLIPmCQ8jXigW,retail,linkedin.com/company/tektronics-sales-corporation,delhi,tektronics sales corporation,delhi,11-50,indiamart.com/tektronics-sales
india,,AvKgjW5m8rdIG2xgxWL62wVmgqG0,retail,linkedin.com/company/bachatbharat,tinsukia,bachat bharat,assam,1-10,bachatbharat.com
india,2014,CGllLXJ7a1bZyTiG8oiW7QYJz06R,retail,linkedin.com/company/cuddlycoo,bangalore,cuddlycoo,karnataka,1-10,cuddlycoo.com
india,,RoQ4Ny74ltJwx4tguUtAXw4KJpw6,retail,linkedin.com/company/solasys-power-solutions,kakkanad,solasys power solutions,kerala,11-50,indiamart.com/solasyspowersolutions
india,,MIogOj82XXcTbFuLCNOrjAHVJmaz,retail,linkedin.com/company/new-india-hardware,bangalore,new india hardware,karnataka,1-10,
india,2015,dSPCMOHBvgK1OlC1ftOnRgFtKYSX,retail,linkedin.com/company/samast-technologies,gurgaon,magicpin,haryana,501-1000,magicpin.in
india,,eBuAzfpf0mXGWReBJaBJVQeihASB,retail,linkedin.com/company/sree-kala-agencies,badvel bazaar,sree kala agencies,andhra pradesh,1-10,sreekalaagencies.business.site
india,,oHAf9AQUp7UkgjjTBW8fdAX4aBt8,retail,linkedin.com/company/suresh-general-stores,civil line,suresh general stores,uttar pradesh,1-10,suresh-general-stores.business.site
india,,HhB7s2JsBCcElOE4OeC0PQdpjRbb,retail,linkedin.com/company/gadget-shop-mart,new delhi,gadget shop mart,delhi,201-500,gadgetshopmart.com
india,,BVwCZKWpi4y7hx3W2HsuUg75EL2E,retail,linkedin.com/company/new-singla-communication,julana,new singla communication,haryana,1-10,new-singla-communication.business.site
india,,WjV0lBNtR2NLURm08bRB7ADxP5ad,retail,linkedin.com/company/petrol-pump-indian-oil-incholi-fuels,meerut,petrol pump indian oil incholi fuels,uttar pradesh,1-10,incholi-fuels-indian-oil.business.site
india,2000,Mo3uXwWHYdbzm30c8XnxiQvi09gJ,retail,linkedin.com/company/jubilant-retail,bangalore,jubilant retail (a division of jubilant agri & consumer products ltd.),karnataka,1001-5000,moreretail.com
india,,wgOTotWIA97WxeBnMrc1fgHpZmKv,retail,linkedin.com/company/dd-it-consulting,gurgaon,dd it consulting,haryana,1-10,dditcon.com
india,,Po5lufoAurRHbKvgUo9G7AGThAxG,retail,linkedin.com/company/core-mak-systems,delhi,core mak systems,delhi,11-50,coremaksystems.in
india,,nzr4qQmEJ1pOjH2SHUApNAZZHGYf,retail,linkedin.com/company/jes-electricals,kuzhittura,jes electricals,tamil nadu,11-50,indiamart.com/jes-electricals
india,2019,BuM3YRhtXTAv89kwEAHETQndDYKx,retail,linkedin.com/company/wearjump,india security press,wearjump,maharashtra,11-50,wearjump.com
india,,UZmaoUKYyijoPyRVKUROYAN7mQfl,retail,linkedin.com/company/maa-kali-sports,lucknow,maa kali sports,uttar pradesh,1-10,indiamart.com/maa-kali-sports
india,,dhlhRqk6tXL4WtEDVcKBDQzfdJUt,retail,linkedin.com/company/shivam-electronis,kukshi,shivam electronis,madhya pradesh,1-10,shivam-electronis.business.site
india,,r4Bdkx6jB5GQGrdt3O3ChQdruKxx,retail,linkedin.com/company/e-p-traders,ludhiāna,e p traders,punjab,51-200,eptraders.webs.com
india,2020,RkrUQRUsbRaQoMRSPFmVOw6n3rJG,retail,linkedin.com/company/shaded-merch,adityapur,shaded merch,jharkhand,1-10,shadedmerch.wixsite.com/shadedmerch-1
india,,cI0HB0PxER9Ca2obzBAmgAmB0Z14,retail,linkedin.com/company/satya-agarbatti-stores,malyan,satya agarbatti stores,maharashtra,1-10,satyaagarbattistores.business.site
india,,ijGRrTH8pFBDjVzJaNVIcwJikULV,retail,linkedin.com/company/dwarkesh-brass-components,coimbatore,dwarkesh brass components,tamil nadu,11-50,indiamart.com/dwarkesh-brass
india,,jQwzXBSoI1RlMb1ZFWELzgbD93Ih,retail,linkedin.com/company/ratchel-enterprises,chennai,ratchel enterprises,tamil nadu,11-50,indiamart.com/ratchelenterprises
india,,CFTsCStzFgIY6xHIpMn1CwVb56s0,retail,linkedin.com/company/g-n-agrawal,shahapur,g n agrawal,maharashtra,1-10,gnagrawal.in
india,,2FMIUZAXcA3YjvrBAzn7vAnUAaYP,retail,linkedin.com/company/jai-mobile-shop-and-photo-studio,tanda,jai mobile shop and photo studio,uttar pradesh,1-10,jai-mobile-shop-and-photo-studio.business.site
india,2022,B6BuJQVRu5ICbMBTGqv1NAAMBTT5,retail,linkedin.com/company/weastute-services-llp,millenium business park,weastute services llp,maharashtra,11-50,we-astute.com
india,,vYm4fEKlvUYBINHBLQL9PA6IWbni,retail,linkedin.com/company/carz-world-2020,malad east,carz world 2020,maharashtra,1-10,carzworld2020.business.site
india,2015,nz13El0y2BRZZBiCSi0OqwSbdyh1,retail,linkedin.com/company/ostudkart-com,gurgaon,vlebazaar.in,haryana,51-200,vlebazaar.in
india,2021,XZgx3QXHWNztdfuJySeIjQSFCpeO,retail,linkedin.com/company/pureasy,farīdābād,pureasy,haryana,1-10,pureasy.in
india,,N8TZ0i0BG3C6aONLlKCcxAbea10K,retail,linkedin.com/company/upaj,vadodara,upaj,gujarat,11-50,indiamart.com/upaj-vadodara
india,1975,4TF0MD3v7eEwrGCUPQpGzA10JgvF,retail,linkedin.com/company/marshallswallcoverings,gandhi nagar,marshalls wallcoverings,maharashtra,201-500,marshallsindia.com
india,2020,7lueSCwYD4Ysc7yq1wTZCw7mPakF,retail,linkedin.com/company/wishtown,delhi,wishtown,delhi,1-10,wishtown.in
india,,cuTcoz5oACTPslo3WvotawBiux3o,retail,linkedin.com/company/sri-rajathi-coir-products,pollāchi,sri rajathi coir products,tamil nadu,11-50,indiamart.com/sri-rajathi-coir-products
india,,hBFMm6MVE2kuUdJjzncOWw3zRf06,retail,linkedin.com/company/d-c-book-store,thiruvananthapuram,d c book store,kerala,51-200,trivandrum.in
india,,5wIPPT7eywxZeEXPgKgH5whttZXU,retail,linkedin.com/company/gths-retail-private-limited,noida,gths retail private limited,uttar pradesh,201-500,
india,2022,6JBCW7Ml6UqoxuEqBZUqzADJgNJF,retail,linkedin.com/company/la-blanche-luxury-salon,new delhi,la blanche luxury salon,delhi,1-10,lablanchesalon.in
india,2017,RYmyEPYCr48JB3UlAxoqxwPYzcxV,retail,linkedin.com/company/theveshticompany,chennai,the veshti company,tamil nadu,1-10,theveshticompany.com
india,,YAL9DACz4Z0i2CVIXf0UgQsAi7p7,retail,linkedin.com/company/alaziz-elelctronics-workshop,mumbai,alaziz elelctronics workshop,maharashtra,51-200,indiamart.com/alaziz-elelctronics
india,,np20MjIRN36UJCXCdCVvUw5ZtZJC,retail,linkedin.com/company/libra-sales,delhi,libra sales,delhi,51-200,indiamart.com/librasales-mumbai
india,,qypXyAjl5BiQ6jyaIuRE9gWARodj,retail,linkedin.com/company/capitol-mall,cannanore,capitol mall,kerala,1-10,capitolmall.in
india,,XlPKFYGYOIZObxS6cE7vqgcxDXRJ,retail,linkedin.com/company/prasanna-agencies,jhānsi,prasanna agencies,uttar pradesh,11-50,indiamart.com/prasanna-agencies-jhansi
india,2017,TIpjOjdBiBznDFlwp4kYrAbCvMMz,retail,linkedin.com/company/abja-research-healthcare-pvt-ltd,mumbai,abja research & healthcare pvt. ltd.,maharashtra,1-10,abjahealthcare.com
india,,wV4fsXItjY0hgDShr6Z6ewOOXXAv,retail,linkedin.com/company/bap-creations-pvt-ltd,new delhi,bap creations pvt ltd,delhi,11-50,
india,,4XmO5cCD2PbCUNPoGoB55gu4gqGI,retail,linkedin.com/company/saastha-gas,nilakottai h.o,saastha gas,tamil nadu,1-10,saasthagroups.com
india,2010,H0JeN7agpis78rtuStp87wKgRHRo,retail,linkedin.com/company/artsofindia,bangalore,artsofindia.in,karnataka,1-10,artsofindia.in
india,,3HyeLrr5oZmjeg96Wb6u9A3gGi5l,retail,linkedin.com/company/pks-communication,chennai,pks communication,tamil nadu,1-10,pks-communication.business.site
india,,34dibZlOFwiqlYMEV6RK0QjapHDw,retail,linkedin.com/company/shree-sai-stationery-&-book-suppliers,indore,shree sai stationery & book suppliers,madhya pradesh,1-10,shree-sai-stationery-book-suppliers.business.site
india,2020,uUfuJOBHnO2ZzAQwKo0QAgjI5dz6,retail,linkedin.com/company/yourhemphouse,sūrat,hemp house,gujarat,1-10,
india,,YDQCzuszLMLnLbwGnPlrNQA5m4Jf,retail,linkedin.com/company/sree-ananta-exim,narela,sree ananta exim,delhi,1-10,anantavinyl.com
india,,YoNccufdWsZE2LLQ34bcIQ4SBoIN,retail,linkedin.com/company/plumbing-tech,hill colony,plumbing tech,telangana,51-200,indiamart.com/company/37966126
india,,bVa20DkBuUXiC8MU1svOCgzzIQAB,retail,linkedin.com/company/jafri-sons,saraiya no.-1,jafri sons,uttar pradesh,11-50,
india,,6q3bSgSuom2L6r25GRTiRQUUId8g,retail,linkedin.com/company/saha-computer-point,south salmara,saha computer point,assam,1-10,saha-computer-point.business.site
india,,F9r0C6QwUlU1WQ2DCTBBQgSyM0Hm,retail,linkedin.com/company/mobss-windshield-private-limited,ghāziābād,mobss windshield private limited,uttar pradesh,11-50,indiamart.com/company/44641433
india,,CBshlJPnAKyUGaZ763vKXgWl1U1C,retail,linkedin.com/company/ashapura-baraf,bhuj,ashapura baraf,gujarat,1-10,ashapuraice.business.site
india,,1oEneJtHIeCVYemZ7RRBnAaGJRCm,retail,linkedin.com/company/north-east-computer-store,rohtak,north east computer store,haryana,1-10,north-east-computer-store.business.site
india,2015,edDPlAcJqNeTKgCWGPBJqA1NOQOM,retail,linkedin.com/company/themerchantice,bangalore,the merchantice,karnataka,1-10,themerchantice.com
india,,FkFGnz6MeBSr2F1gWFblagDXQfq7,retail,linkedin.com/company/pooja-sales-agency,ahmedabad,pooja sales agency,gujarat,11-50,indiamart.com/pooja-sales-agency
india,,mNiFUBQ23CzDqDgc3d2KCARPfKuh,retail,linkedin.com/company/sri-bhavani-kirana-stores,bus stand,sri bhavani kirana stores,andhra pradesh,1-10,sri-ramamurthy-kirana-stores.business.site
india,,wRahJUDhKOBKfgBuWSz8UgW0R7CV,retail,linkedin.com/company/neha-optical,indore,neha optical,madhya pradesh,11-50,
india,,PcswRkEBaPqBkbyl1Ys87wdhx0QP,retail,linkedin.com/company/aathikamatchi-marine-traders,madurai,aathikamatchi marine traders,tamil nadu,1-10,indiamart.com/viknesh-auto-store
india,2021,nlrb6po4QkSLO5Vg5UOsPgDmMc3l,retail,linkedin.com/company/fortuneelectronics,tirur,fortune,kerala,1-10,
india,,8ID0TyaYB7GKiulYYHBIiAJhu7CR,retail,linkedin.com/company/madan-book-depot,jind railway station,madan book depot,haryana,1-10,madanbookdepot.business.site
india,2020,9C1tw8yA3pYOCXC5e4jZXgSluBdW,retail,linkedin.com/company/cananor-guild,cannanore,cananor guild,kerala,1-10,cananorguild.com
india,2021,qTRCEmH8dhBCBJoGXlGCUAbt75OW,retail,linkedin.com/company/ddevcraft,new delhi,ddevcraft,delhi,11-50,ddevcraft.com
india,,CMAJuDRVEpPxwtHmk6CqZAm5hXJs,retail,linkedin.com/company/rana-motor-cycle-service-senter,bagodar,rana motor cycle service senter,jharkhand,1-10,rana-motor-cycle-service-senter.business.site
india,,zqrksvJtK0tZrGQwGgTLlQZCE4pS,retail,linkedin.com/company/bgs-honda,bhopāl,bgs honda,madhya pradesh,1-10,bgshonda.com
india,2022,qeFzWvJC6SI0xqAQP1woQgqtgiKc,retail,linkedin.com/company/business-oppurtunity-for-freshers,vadodra,business oppurtunity for freshers,gujarat,5001-10000,
india,,two17ru5g7RA9M31YZAzCA6Dcfd0,retail,linkedin.com/company/mondal-metal-store,puruliya,mondal metal store,west bengal,1-10,mondal-metal-store.business.site
india,,exOC8WIVcgfJbYUpLionVQg7Vj0e,retail,linkedin.com/company/miraya-arts,bandra west,miraya arts,maharashtra,11-50,indiamart.com/miraya-arts
india,,UzbUHyzQQtL18ik2p4luOwfhbSjd,retail,linkedin.com/company/suriya-plastics,krishnagiri,suriya plastics,tamil nadu,11-50,indiamart.com/suriyaplastics
india,2021,CEMSFeGjzBuNanHuIbd9DAJakQ9E,retail,linkedin.com/company/ru-natural-farms-pvt-ltd,mumbai,ru natural farms pvt ltd,maharashtra,1-10,
india,,SZ2mtscQAlc4zevaxJLV4g7K966w,retail,linkedin.com/company/shree-jaya-crafts,trichinopoly,shree jaya crafts,tamil nadu,1-10,shreejayacrafts.com
india,2018,BaWlWufsC1YynHdJM8wb6QgYfB2j,retail,linkedin.com/company/junakart,vaishali nagar ajmer,junakart,rajasthan,11-50,
india,2020,A3WGEu102eq07LG3UZ2DjA9VarNo,retail,linkedin.com/company/hdst-international-trading-llp,kolkāta,hdst international trading llp,west bengal,11-50,hdstindia.com
india,,UNSOfClRBECNb5JKqBLo3gUBOEAC,retail,linkedin.com/company/oswal-media,chandīgarh,oswal media,chandigarh,1-10,oswalmedia.com
india,,BTlBRxSsJgXIavODxnKGjg7ktP78,retail,linkedin.com/company/zayan-enterprises-tyre-shop,kothi,zayan enterprises tyre shop,jharkhand,1-10,zayanenterprises.business.site
india,,OoDaTKeX9iZXf0iiatfcVADztklI,retail,linkedin.com/company/hind-shoe,karimganj,hind shoe,bihar,1-10,hindshoe.com
india,,Bq77Q6vwUQTE6AO7QRUfdABB6iEM,retail,linkedin.com/company/avikacollection,narendra nagar,avikacollection,maharashtra,1-10,avikacollection.business.site
india,,yJCqe33uft2BKZYkzIM7EgviwNbx,retail,linkedin.com/company/aks-automation,aurangābād,aks automation,maharashtra,11-50,
india,,CtajJDYnIFVX5CzS3oF2yw8JW9dO,retail,linkedin.com/company/shree-gurudev-auto-consultant,ahmedabad,shree gurudev auto consultant,gujarat,1-10,shree-gurudev-auto-consultant.business.site
india,,HzK1PCvyN4GS5GHgmVaiUwSL31Xv,retail,linkedin.com/company/sandalon,pālghāt,sandalon,kerala,1-10,sandalon.business.site
india,,gH7TMC6hcuheZR0PpwJOFgvppvef,retail,linkedin.com/company/oil-selling-mustard-oil-,chāpra,oil selling (mustard oil),bihar,1-10,oil-selling-mustard-oil.business.site
india,,rRx3W3B7V3HCPtMEk0ZtxgBP2jpY,retail,linkedin.com/company/primetech-electricals,coimbatore,primetech electricals,tamil nadu,11-50,indiamart.com/primetech-electricals
india,,UK1ImPPGOIksJ33MBgDfEAApnse9,retail,linkedin.com/company/fidha-curtains,kāyankulam,fidha curtains,kerala,1-10,fidhacurtains.com
india,,HaRcSa2BLpqRGPTJnPZD5wlh5QIy,retail,linkedin.com/company/prince-sports-emporium,āgra,prince sports emporium,uttar pradesh,11-50,indiamart.com/prince-sports-emporium
india,,5kBXSVci0d5sLg4mk06qhw5FKZcr,retail,linkedin.com/company/shri-agro-trading,jalgaon,shri agro trading,maharashtra,1-10,indiamart.com/shri-agro-trading
india,,CZCL3aOU16WucXlhRLOHawQK2uKi,retail,linkedin.com/company/shreeda-architectural-hardware,mumbai,shreeda architectural hardware,maharashtra,51-200,indiamart.com/shreeda-architectural-hardware
india,,OLcefWZcRJF2I0LEKHsCdAxuQcYS,retail,linkedin.com/company/chandra-prakash-traders,brahmapur,chandra prakash traders,odisha,11-50,indiamart.com/company/40052089
india,,8QBgVkg9PS58cIEtmI0VrgFgCqiq,retail,linkedin.com/company/susampark-electronic,jeypore,susampark electronic,odisha,11-50,indiamart.com/company/40686579
india,,XU7B4nK5QKSgW0CBYoR7lgQRKnoO,retail,linkedin.com/company/navdurga-communication,samāstipur,navdurga communication,bihar,51-200,indiamart.com/navdurga-comm
india,,3cCsnxVhnCqJo5JJnEC9vAzySp8d,retail,linkedin.com/company/metro-electronic-world,bangalore city,metro electronic world,karnataka,1-10,metroelectronicworld.com
india,2019,rXo21Bo0bKZJsHHJahIwpw6SLz9Z,retail,linkedin.com/company/studio-vilasita,darjeeling,studio vilasita,west bengal,1-10,studiovilasita.in
india,,V3PNlQOxwdBtxWrrbBsjeAVc4Yl8,retail,linkedin.com/company/radhe-designer,rājkot,radhe designer,gujarat,1-10,radhedesigner.business.site
india,,CBSuCqU4MnNGRVhOFPFCVwWGoOdj,retail,linkedin.com/company/dhiraj-sons,sūrat,dhiraj sons,gujarat,51-200,dhirajsons.in
india,2004,ZXOAZ33n9S3PUmlVmPi6NAiaQCBt,retail,linkedin.com/company/retailers-association,mumbai,retailers association of india (rai),maharashtra,11-50,rai.net.in
india,,0CzNNTT8OmDx1s2yG3FrhgXwOUIB,retail,linkedin.com/company/woods-&-papers,medical college,woods & papers,uttar pradesh,51-200,indiamart.com/woods-paper
india,,dLHQE3tcy3PCMWxwISIdTQROz6hJ,retail,linkedin.com/company/cottage9-enterprises,chandīgarh,cottage9 enterprises,chandigarh,11-50,cottage9.com
india,,wXLDwA8c5jGXLsMdCHaoPQ5z32Rr,retail,linkedin.com/company/patankar-plumbing-pipes,ratnāgiri,patankar plumbing pipes,maharashtra,1-10,patankartiles.business.site
india,2017,gS1p6fFlBDPgdRekCohIeg17x3jz,retail,linkedin.com/company/muscletorque-shop,guru gobind singh marg,muscletorque.shop,delhi,1-10,
india,,KPy73e4tpxJoPpQtsdPn1AxTZ3aO,retail,linkedin.com/company/panwar-electronics,dehra dūn,panwar electronics,uttarakhand,51-200,indiamart.com/panwar-electronics
india,,LM3szHCFY9A3cdMScVfBCQ3k3Zof,retail,linkedin.com/company/gift-decor-shop,new delhi,gift decor shop,delhi,1-10,
india,,Cb38lSq5iFj3H5x4BLMoZQ39QjDe,retail,linkedin.com/company/ghosh-pump-supply-company,kolkāta,ghosh pump supply company,west bengal,11-50,indiamart.com/ghosh-pump-supply
india,,OIvTcWgJ9eWI4gblCAZtxQFcDgni,retail,linkedin.com/company/srinivas-traders,pune,srinivas traders,maharashtra,11-50,indiamart.com/srinivastraders
india,,ADdPeClrl6vRIxWtxo0BHgZkezUh,retail,linkedin.com/company/krishi-yantralaya,mandi sriganganagar,krishi yantralaya,rajasthan,11-50,
india,,Koy6g5S3Ze2Cm81UsDMJTAGF1dzq,retail,linkedin.com/company/indian-apparel-sourcing,tiruppūr,indian apparel sourcing,tamil nadu,51-200,indiamart.com/indianapparel-sourcing
india,,MjjizbtebnL0mEjACPE4RwD4FOnN,retail,linkedin.com/company/riviera-mobile-accessries,delhi,riviera mobile accessries,delhi,51-200,indiamart.com/company/3686394
india,,H5VqmotJqHl2Up2KM6ethgPZ0z1z,retail,linkedin.com/company/dison-industrial-sewing-machines,tiruppūr,dison industrial sewing machines,tamil nadu,51-200,indiamart.com/dison-industrial
india,,yr8gdk6GpfPQ1LjmUZbGTAKx6x1f,retail,linkedin.com/company/punjab-steel-forging-&-agro-industries,patiāla,punjab steel forging & agro industries,punjab,201-500,indiamart.com/punjab-steel-forging
india,,qewQjnLHcVZ8fX9C9ZBK1ADwoM2M,retail,linkedin.com/company/samriddhi-enterprises,noida,samriddhi enterprises,uttar pradesh,11-50,indiamart.com/company/35485695
india,,BE4xSF0AaWZSfbXvUBQe7QhuE0tg,retail,linkedin.com/company/cake-m-heart,bangalore,cake m heart,karnataka,201-500,facebook.com/cakemyheart
india,,C3N2XF7OCTCOvoMifngXWwTvec5V,retail,linkedin.com/company/resto-mart-india-private-limited,delhi,resto mart india private limited,delhi,11-50,indiamart.com/resto-mart-india
india,2021,dd8jgToFzoi93NcTgs5SCAqf9LwM,retail,linkedin.com/company/payedofficial,mumbai,payed,maharashtra,51-200,payed.in
india,,aXrQYsto00DDQTN6TWLKBQ3rO71f,retail,linkedin.com/company/snoinvestments,mumbai,s&o investments,maharashtra,51-200,facebook.com/snoinvestments
india,,HViXqxE36o6oIGxCGUISAAKjKfAL,retail,linkedin.com/company/anjali-communication,patna,anjali communication,bihar,1-10,indiamart.com/company/23985256
india,,BwV6WizOLIyWzttK2uCTbQtrpczo,retail,linkedin.com/company/chetana-enterprises,jalgaon,chetana enterprises,maharashtra,1-10,indiamart.com/company/22747336
india,,RPqK0JA3m3PBqEBr2bvv0A1uLHil,retail,linkedin.com/company/bsm-gold-and-diamond-jeweller-stores,thane bazar,bsm gold and diamond jeweller stores,maharashtra,51-200,bsmgold.in
india,,Zos5OLhnGYK98qDMLBBrpwgSNamx,retail,linkedin.com/company/amiraj-architectural-hardware,rājkot,amiraj architectural hardware,gujarat,11-50,amirajhardware.com
india,,u0bkf3WSrBsRZDRXFLVI6wpWVL5p,retail,linkedin.com/company/htl-recharge,chennai,htl recharge,tamil nadu,1-10,htlretail.in
india,,N81MpXZIboWALZFksBk9YAFevEB6,retail,linkedin.com/company/bhulias,sambalpur court,bhulias,odisha,1-10,bhulias.com
india,1995,kCbOGgL9rFoajf89OJoKcgJfA2QP,retail,linkedin.com/company/mobilesbazaar,noida,mobilesbazaar,uttar pradesh,11-50,mobilesbazaar.in
india,,AiBoWJe4b1SLCYk5rOXVDAgQ7bWy,retail,linkedin.com/company/tomm-hilfiger-store,vadodara,tomm hilfiger store,gujarat,51-200,
india,,DcskZ8Fac4B0tTvornpiUQbGSDc0,retail,linkedin.com/company/chhabra-electric-works,budhlāda,chhabra electric works,punjab,1-10,chhabra-electric-works.business.site
india,,3PzWgkC900uMZLom2lz4awFYamjS,retail,linkedin.com/company/khalsa-music-palace,bus stand,khalsa music palace,haryana,11-50,
india,,KzmJTdN2LrGKtQh2fMGOugH1sqkB,retail,linkedin.com/company/sri-mahalaxmi-cloth-store,mācherla,sri mahalaxmi cloth store,andhra pradesh,1-10,sri-mahalaxmi-cloth-store.business.site
india,,F5qp0H7XNgB2gua33tKULQyPMCsI,retail,linkedin.com/company/indrayani-traders,nashik,indrayani traders,maharashtra,11-50,indiamart.com/indrayanitraders
india,,p79PLol2MKk68DTrzsSF0QHZDx3e,retail,linkedin.com/company/express-avenue,chennai,express avenue,tamil nadu,11-50,
india,,wACC0swMAg0IBmujBSQ8XQEio24t,retail,linkedin.com/company/anu-communication,jammu,anu communication,jammu and kashmir,1-10,indiamart.com/anu-communication-jammu
india,,XfkQD3u9BBCGslYeRrz7FwRNZdzE,retail,linkedin.com/company/khatra-auto-store,kurāli,khatra auto store,punjab,11-50,indiamart.com/khatra-auto-store
india,,MUeiNqKz1wOgDksLXtdjoQEJanoU,retail,linkedin.com/company/foreign-trade-agenc,ludhiāna,foreign trade agenc,punjab,51-200,ftaindia.com
india,,7ZDragPo1f7EbeH9ZE8NaAvW1Jh7,retail,linkedin.com/company/medico-mall,patna,medico mall,bihar,1-10,medico-mall.business.site
india,,kyjH4pVU3Np0pmMCp0kP2gb5yWfc,retail,linkedin.com/company/samarpan-laminates,rājkot,samarpan laminates,gujarat,201-500,indiamart.com/samarpan-laminates-morvi
india,,1vvH6CgQ36r40MV02UBDXAAJ3jew,retail,linkedin.com/company/solar-systems-&-power-solutions,kothamangalam,solar systems & power solutions,kerala,11-50,indiamart.com/solar-systems-power
india,,ntnHib4eR0FiTCqJ2RnEnwhpYoRA,retail,linkedin.com/company/indian-care,madurai,indian care,tamil nadu,51-200,indiamart.com/indiancare
india,,vznfGPNoH8BurwsBZbTMmgGsgYnZ,retail,linkedin.com/company/city-garments,sahaswān,city garments,uttar pradesh,1-10,city-garments-shopping-center.business.site
india,2020,IcXA0j8HzvhUCI7v2L18hgl4ZS9n,retail,linkedin.com/company/eco-potli,pune,eco potli,maharashtra,1-10,ecopotli.com
india,,zkA3rIjaBf9cXfZBC0Cd1gE2ao2m,retail,linkedin.com/company/sreekumar-enterprises,puthur-kollam,sreekumar enterprises,kerala,1-10,indiamart.com/sreekumar-enterprises
india,,3SHy1xlzAqNYVb380Gpr7wbG8ev5,retail,linkedin.com/company/dechain,coimbatore,dechain,tamil nadu,11-50,indiamart.com/company/709585
india,,B4syRCpBBGICs8CCZMhdNQZyZUQm,retail,linkedin.com/company/lorea-florist,hyderābād,lorea florist,telangana,1-10,loreaflorist.com
india,2006,InqB2hR6wWMuR6iTl3L8bAdkbYo7,retail,linkedin.com/company/gamesngadgets,bangalore,new games n gadgets,karnataka,1-10,gamesngadgets.in
india,,O5ccfoqpbQheOYwU8qCupAraWXhd,retail,linkedin.com/company/mobile-fone,farīdābād,mobile fone,haryana,51-200,indiamart.com/mobile-fone
india,,Q09ArOvMDMW6CbA1PU0c2Q6EDkkc,retail,linkedin.com/company/raj-mobiles-shop,hyderābād,raj mobiles shop,telangana,11-50,indiamart.com/company/11490226
india,,xcnj1wy34DjkxIbRpO9hZgzRxpGH,retail,linkedin.com/company/arunod-a-coal-traders,new delhi,arunod a coal traders,delhi,201-500,arunodyacoal.com
india,,C5qVF7XOmiBI5h3v25e14QXNJs5r,retail,linkedin.com/company/himaly-footwear,khed,himaly footwear,gujarat,1-10,himalyfootwear.site
india,,N7UHhdBmg0pdAD8bBlRpDQvDz07C,retail,linkedin.com/company/శ్రీ-విజయ-దుర్గ-ఆటోమొబైల్స్-&-జనరల్-స్టోర్స్,gannavaram,శ్రీ విజయ దుర్గ ఆటోమొబైల్స్ & జనరల్ స్టోర్స్,andhra pradesh,1-10,sri-vijaya-durga-automobiles-and-general.business.site
india,2015,3KNw9zd3EPpZYB5SecgsSwS7FnkJ,retail,linkedin.com/company/gingercrush,vadodara,gingercrush,gujarat,11-50,gingercrush.com
india,,ORo7B0TQLRxADUAKUvaTMAE3Swy6,retail,linkedin.com/company/rj-silks-and-sarees,nelamangala,rj silks and sarees,karnataka,1-10,rj-silks-and-sarees.business.site
india,,9zS2Y1wGqBelEzhhyp9OUw6YCyRp,retail,linkedin.com/company/three-dolgram-radium-house,morena,three dolgram radium house,madhya pradesh,51-200,indiamart.com/company/53907028
india,2022,CqHNsVOCZ6zSY4TZbhrD8w5hI9No,retail,linkedin.com/company/truecost,gurgaon,truecost,haryana,1-10,truecost.in
india,,VVfXzjpaGHbKLkSCgvuZYgPH0g9q,retail,linkedin.com/company/shivam-plywood-hardware,hyderābād,shivam plywood hardware,telangana,11-50,indiamart.com/company/3331375
india,,kqKV869Vn1dSw8CnNL2TtwU3OXWV,retail,linkedin.com/company/golden-steels,vishākhapatnam,golden steels,andhra pradesh,51-200,goldensteels.in
india,,SpW0z5j2q5KkWZjXjECtnARpelS9,retail,linkedin.com/company/yamuna-hardware,vadodara,yamuna hardware,gujarat,11-50,indiamart.com/yamunahardware
india,,kZdh9qBzlalwLcxMkfW0CQkIMTUb,retail,linkedin.com/company/lexis-trading-co.,ludhiāna,lexis trading co.,punjab,1-10,indiamart.com/lexistrading
india,,b59cBLbr6a9fKRXji6DlhgU09uv4,retail,linkedin.com/company/dag-traders,mumbai,dag traders,maharashtra,201-500,
india,,OZOyOCi0QLE35Lv9fExJogWQefNH,retail,linkedin.com/company/rathod-toyota,wāpi,rathod toyota,gujarat,1-10,rathodtoyota.com
india,,kUU2cSSYXLIGMCkCwvU5pAgyCton,retail,linkedin.com/company/vinay-sales-corporation,jaipur,vinay sales corporation,rajasthan,51-200,indiamart.com/vinay-sales-corporation
india,,qxsQe8t3F3CqWlC5eThq5gejKA9J,retail,linkedin.com/company/bhakti-studio,mumbai,bhakti studio,maharashtra,11-50,
india,,GdkMM5Ld7ZPVcJJsQx8pzQY5fEnw,retail,linkedin.com/company/jaipur-dairy,jaipur,jaipur dairy,rajasthan,1-10,
india,,VhJicPTLhoHxahjW80R0pgAQhKhi,retail,linkedin.com/company/reliance-fire-engineers,delhi,reliance fire  engineers,delhi,51-200,indiamart.com/reliance-fire
india,2010,fnE97KITiIyPdqEiMc10SgT7p1m5,retail,linkedin.com/company/angarkh.com,ahmedabad,angarkh.com,gujarat,1-10,angarkh.com
india,,1odeRG3dQNVfJVwzdLTCAQjnzxOk,retail,linkedin.com/company/the-car-studiozz,gopichettipālaiyam,the car studiozz,tamil nadu,1-10,the-car-studiozz.business.site
india,2016,9BEffo4zpQcTBubClw7bMwOw9xaZ,retail,linkedin.com/company/regalo-nation,new delhi,regalo nation - corporate gifting solutions,delhi,1-10,regalonation.com
india,,7fdt3re456lg01Mwa75SWgDOjlmR,retail,linkedin.com/company/bhupindra-trading-company,sector 26,bhupindra trading company,chandigarh,1-10,bhupindra-trading-company.business.site
india,,x5g2IV5w9qsPdhOhCcbC0gKI88oq,retail,linkedin.com/company/sanyog-trading-corporation,pune,sanyog trading corporation,maharashtra,11-50,indiamart.com/sanyogtrading
india,,OB7vFYsNU2A3w7LdlXzIawCs2caw,retail,linkedin.com/company/shop-in-pocket,ambājogāi,shop in pocket,maharashtra,1-10,shopinpocket.in
india,,xqHpcIIMVZQ8fxEyyCr4ZwqmzMFT,retail,linkedin.com/company/pintu-electrical,rānchi,pintu electrical,jharkhand,51-200,indiamart.com/company/29328041
india,2015,NoICxCk1bTzcanDucUJXBg0dhOWn,retail,linkedin.com/company/royalfiell-office-supplies,kochi,royalfiell office supplies,kerala,1-10,royalfiell.com
india,,92J8B3oSr7vCNkXBqR4XkQ3LeDn4,retail,linkedin.com/company/raghuvansham-womens-designer-boutique,meerut cantt h.o,raghuvansham womens designer boutique,uttar pradesh,1-10,raghuvansham-womens-designer-boutique.business.site
india,,ZeCZaBdAoCKY01kL8eoJPww9SXe0,retail,linkedin.com/company/stationery-baba,anand pur sahib,stationery baba,punjab,1-10,stationerybaba.com
india,,zhp1crxx7tRKHdB8qnTNjwp1QUWV,retail,linkedin.com/company/new-badri-traders,cotton market,new badri traders,maharashtra,51-200,indiamart.com/newbadri-traders
india,2018,X6i8OLZ5lBvB4GLjC0VgoQCclsjh,retail,linkedin.com/company/cp-digital-sollutions,bangalore,steps footwear,karnataka,1-10,
india,2021,SR9pCOkIKuRd0CzNTGorTA2i7pQD,retail,linkedin.com/company/tohfa-castle,,tohfa castle,jammu and kashmir,1-10,
india,2016,xM9phUfrE9d5XCvNvVJERQZC6itC,retail,linkedin.com/company/trinity-online-stores,mumbai,trinity online stores,maharashtra,11-50,trinityonlinestores.com
india,,C0W3OGXsEqas7YViYKlwmg0vPFph,retail,linkedin.com/company/sai-traders-&-suppliers,pune,sai traders & suppliers,maharashtra,11-50,saitraders&suppliers.com
india,,IolaIS06pf4HttZvLugeHgorlCIr,retail,linkedin.com/company/swastik-industrial-work,mumbai,swastik industrial work,maharashtra,1-10,
india,,k4wZ2ssfVOBSS7YM8qdnBwl4DL42,retail,linkedin.com/company/style-threads,nāmakkal,style threads,tamil nadu,51-200,indiamart.com/style-threads
india,2022,6APh9az92836d17a7QI5qQnTqPUw,retail,linkedin.com/company/marsallime,jhānsi,marsallime,uttar pradesh,1-10,marsallime.com
india,2008,yCEUmkT9BBUyIfCRwYnQkAHe1GuL,retail,linkedin.com/company/rentmasterinc,guwāhāti,rentmaster inc,assam,11-50,
india,,4FUmsbHhDihqtr09tK5jaQ4MIFAJ,retail,linkedin.com/company/e-solar-shoppe,hyderābād,e solar shoppe,telangana,51-200,esolarshoppe.com
india,,PR4baarYoIdT5P0BvbhnCwlU7Khx,retail,linkedin.com/company/dr.-meghnath-saha-institute-of-technology,haldia,dr. meghnath saha institute of technology,west bengal,1-10,
india,,btkBcsHaYpnO5tGBNixXoQb5kpyV,retail,linkedin.com/company/triveni-house,lucknow,triveni house,uttar pradesh,51-200,indiamart.com/triveni-house
india,,5HgYPor5wGzOGn9pLO4NIwLjNek1,retail,linkedin.com/company/telangana-pharmacy,karīmnagar,telangana pharmacy,telangana,1-10,telangana-pharmacy.business.site
india,,fmEgtJ0FH6PCRSRYZf0OrwrYUulY,retail,linkedin.com/company/n-k-overseas,amritsar,n k overseas,punjab,51-200,indiamart.com/company/2296091
india,,kyRhuZWIRDt2u2OeCx1o9A6O85Gn,retail,linkedin.com/company/bhavana-engineering,nāgaur,bhavana engineering,rajasthan,51-200,indiamart.com/company/29504347
india,2016,PE4H66mPqEhHTwuyyewTaAaxkDoK,retail,linkedin.com/company/ellmark,srīnagar,ell mark enterprises,jammu and kashmir,1-10,
india,,ZWTOmAV1pAVQ8s9HmcuXFA5bQTPh,retail,linkedin.com/company/mateshwari-hardware,subhash nagar,mateshwari hardware,uttar pradesh,1-10,mateshwari-hardware.business.site
india,,1h5kfIoAjWEleeyCOvVvpAoVnWYv,retail,linkedin.com/company/butthi-steel-traders,bangalore,butthi steel traders,karnataka,11-50,indiamart.com/butthi-steel-traders
india,2019,YFrMyytipN5CCLmoxVjKrQh1scyf,retail,linkedin.com/company/100wattstech,pune,100watts.tech,maharashtra,1-10,100watts.tech
india,,IZOXxdAXVXfWi2CJYAgDeQmKc6ya,retail,linkedin.com/company/chennai-shopping,chennai,chennai shopping,tamil nadu,51-200,indiamart.com/chennai-shopping-chennai
india,,RgrdclLLaQwAxvY2fzuPRARpbWWR,retail,linkedin.com/company/dev-s-retail,maharashtra,dev s retail,maharashtra,51-200,devsretail.com
india,,RgLBepabjFWoe26CLAK7jwK9zx4x,retail,linkedin.com/company/matrushakti-enterprises,cuttack,matrushakti enterprises,odisha,51-200,indiamart.com/matrushakti-entp
india,,hscWwIolfHE3CYwJQBeygwkpdU3X,retail,linkedin.com/company/flochek-industries,kolkāta,flochek industries,west bengal,11-50,indiamart.com/flochek-industries
india,,CXpapBaQR7CLjdXzgKgaLgjCPD5A,retail,linkedin.com/company/hotel-lake-view-ashok,bhopāl,hotel lake view ashok,madhya pradesh,1-10,lakeviewashok.com
india,,c3VFpxRyaVNhc43aOdpEfAuF3EZi,retail,linkedin.com/company/tuli-trading-company,delhi,tuli trading company,delhi,51-200,indiamart.com/koolon
india,,jY6srBpeSseBC5LVQZR8ng12Ryfx,retail,linkedin.com/company/tumupkar-casting,rājkot,tumupkar casting,gujarat,11-50,indiamart.com/tumupkarcasting
india,,G26iqNha2ofM6BX7mjhG7gXltOpd,retail,linkedin.com/company/mata-ji-marketing,bangalore,mata ji marketing,karnataka,11-50,indiamart.com/company/52230064
india,,2QzTvJG3lE079E0IuQeeCApnInaZ,retail,linkedin.com/company/bharat-tex,pānīpat,bharat tex,haryana,51-200,indiamart.com/company/10775540
india,2005,bOuExkZRAZRr5l6Li24rtg5R560x,retail,linkedin.com/company/le-luxury-decor,chandīgarh,le luxury decor,chandigarh,1-10,
india,,VC6zT2pHlrdCsGvigwdXJwC7FfXp,retail,linkedin.com/company/national-glass-&-alaumium-traders,j k puri,national glass & alaumium traders,uttar pradesh,51-200,indiamart.com/company/44019652
india,,yiVw5jAGE0hf9M0PQuTjagWTWG8e,retail,linkedin.com/company/masstech-enterprises,quilon,masstech enterprises,kerala,11-50,indiamart.com/company/38462399
india,,MFYRkWfswrTyu8kwXLEdPAq7xqSp,retail,linkedin.com/company/max-tailoring-material,belgaum,max tailoring material,karnataka,11-50,indiamart.com/company/26255252
india,2012,0wVk4uAlfv4bzN46JB6fqA296IYF,retail,linkedin.com/company/pay1,malad west dely,pay1,maharashtra,51-200,pay1.in
india,,BEyRo4qQhA3kL9JyWeYU3gDYzFYG,retail,linkedin.com/company/shree-ganeshay-sales-&-service,sūrat,shree ganeshay sales & service,gujarat,11-50,
india,,AONTvBMUIdT4GaOamHcNKwUAPVt8,retail,linkedin.com/company/arun-sanitary-&-tiles,pali housing board,arun sanitary & tiles,rajasthan,51-200,indiamart.com/arun-sanitary-tiles
india,,b2tI1aIyw36Xf8Pmowb1EQDg6z35,retail,linkedin.com/company/scales-technologies,calicut,scales technologies,kerala,11-50,
india,,vaZYcHIgROICPTVlsMWfpwYtJmmW,retail,linkedin.com/company/jubilee-experts,ambāla,jubilee experts,haryana,11-50,indiamart.com/jubilee-experts-ambala
india,,4hRatF7osPOUSWwgYcWqLQH4M2Qq,retail,linkedin.com/company/royal-art-emporium,alwar gate ajmer,royal art emporium,rajasthan,11-50,indiamart.com/royal-art-emporium
india,,dTOVwjk7G3ttEWM2tpfbWgTtVQyq,retail,linkedin.com/company/singh-department-store,kharar,singh department store,punjab,1-10,singh-department-store.business.site
india,,TvRHUCRrF2JrcFQaxyGMIAmYzA55,retail,linkedin.com/company/multi-product-services,vārānasi,multi product services,uttar pradesh,1-10,indiamart.com/company/9374016
india,,cO5ZeYXfURaJjnI0XiUJkwKoETWc,retail,linkedin.com/company/aamrapali,indore,aamrapali,madhya pradesh,11-50,
india,2020,SFqilTPwghAevYCkw4x8VAFE6Akx,retail,linkedin.com/company/rippleshome,noida,ripples home,uttar pradesh,11-50,rippleshome.com
india,2020,7b8ADxuA7S4NV9lDpGqx7gjXsoXW,retail,linkedin.com/company/white-canvaa,delhi,white canvaa,delhi,1-10,whitecanvaa.com
india,,MUllrvPDkgPsPA9HhsgiwgUzCxZw,retail,linkedin.com/company/amman-cars---used-car-dealers-in-dharmapuri,dharmapuri,amman cars - used car dealers in dharmapuri,tamil nadu,1-10,amman-car-decors-in-dharmapuri.business.site
india,1968,4OFczi0uLAgRGHZreDEXKAM0NE7q,retail,linkedin.com/company/rajvel-company,coimbatore,rajvel company,tamil nadu,51-200,rajastreetnellailala.in
india,,W9X1L2ugPAjBXHwmHVUF7wSfYz3K,retail,linkedin.com/company/goel-book-depot,doiwāla,goel book depot,uttarakhand,1-10,goelbookdepot.business.site
india,,yGbuWB9BCcCQxGIr4iGRWwOtMxfv,retail,linkedin.com/company/afflux-agencies,rājkot,afflux agencies,gujarat,51-200,indiamart.com/afflux-agencies
india,,VZ3Fo51Ttfeybc05iOGnGgMKJdpf,retail,linkedin.com/company/globe-retails,sivakāsi,globe retails,tamil nadu,51-200,
india,,s6Rmn8PTThoL8xF6SXoZmAGuceVr,retail,linkedin.com/company/central-cutlery-house,indore,central cutlery house,madhya pradesh,11-50,
india,,GgzrkmIbqcNmnldtFiCGKQA1H5DM,retail,linkedin.com/company/amico-agencies,mumbai,amico agencies,maharashtra,11-50,
india,,tzpvdiIuYVZd9FRygvXaYgfheXvB,retail,linkedin.com/company/ma-kali-hardware,hāora,ma kali hardware,west bengal,51-200,indiamart.com/ma-kali-hardware-howrah
india,,wlBkGhDncchbiZeWJZPCnQcahcJ6,retail,linkedin.com/company/vina-aka-tradings,coimbatore,vina aka tradings,tamil nadu,51-200,vttrollys.com
india,,OBPy3RPXAUbGiwFvoLJshABajHPj,retail,linkedin.com/company/sanjay-tailors,nehru nagar,sanjay tailors,maharashtra,51-200,
india,,XcFvVKPSqVnToafMc3iX7QlL6nR6,retail,linkedin.com/company/saumya-enterprise,ahmedabad,saumya enterprise,gujarat,11-50,indiamart.com/saumyaenterprise-ahmedabad
india,,ACR4GRR6nyK025qtoOrDCQrmu0I6,retail,linkedin.com/company/rajasthan-distributor,jaipur,rajasthan distributor,rajasthan,1-10,indiamart.com/company/3676857
india,,yCLPhq9cBhQ1MnN0zswo8ws99bO1,retail,linkedin.com/company/online-e-service,shāhpur,online e-service,punjab,1-10,onlineeservice.com
india,,QyBi4LsM1B0sXjeKUDlBzwGgoP7z,retail,linkedin.com/company/tiger-marron,gurgaon,tiger marron,haryana,51-200,
india,,VL2hYTXahdDpbkOSHELuQQFvbCOQ,retail,linkedin.com/company/raj-cycle-store,jobat,raj cycle store,madhya pradesh,1-10,rajcycle.business.site
india,,AJ3dMFCuc42eKIDd5HxSIgIqcXzH,retail,linkedin.com/company/tirupati-services-ltd.,ajmeri gate extn.,tirupati services ltd.,delhi,1-10,
india,,shnLn1mjoCvRUkyI9e0kBAthQj1h,retail,linkedin.com/company/vishal-gift-center,indore,vishal gift center,madhya pradesh,1-10,vishal-gift-center.business.site
india,,8AfBCCTERBcDClXKAnXUhAhRdUgx,retail,linkedin.com/company/mobile-kings,puducherry,mobile kings,puducherry,11-50,indiamart.com/mobile-kings
india,2018,81YhXZSDxL573sz2PYyS1QQcLz2P,retail,linkedin.com/company/the-chitrakala,udaipur,the chitrakala,rajasthan,1-10,thechitrakala.com
india,,PdjCy7GApOyaaQBnEvO9LAS5eX7a,retail,linkedin.com/company/maa-durga-electricals,jalandhar,maa durga electricals,punjab,11-50,indiamart.com/maa-durga-electricals
india,,h9eR97mLFvG4pWUXA8ulGw6XUHjN,retail,linkedin.com/company/m-s.-sure-soft-systems-private-limited,sūrat,m/s. sure soft systems private limited,gujarat,1-10,
india,,9SlHCL6VUz8ER9M5Or1xwQ1QfFwP,retail,linkedin.com/company/jay-kay-engineers,bangalore,jay kay engineers,karnataka,11-50,indiamart.com/company/810889
india,,DuFZ7DhBB70ij5JtdsPWRQrfVrH5,retail,linkedin.com/company/hoffsman-commerical-corporation,kolkāta,hoffsman commerical corporation,west bengal,11-50,
india,,wwsqb2L4COmX5g0CkggVUQjGsloJ,retail,linkedin.com/company/barmer-bazaar,malpura,barmer bazaar,rajasthan,1-10,barmerbazaar.com
india,,JCE4zfhtGjBB0wPfZRCUYQuYzMGJ,retail,linkedin.com/company/becare-meditech,āīzawl,becare meditech,mizoram,11-50,indiamart.com/becare-meditech
india,2017,iI8Kmi4tatWqKkkNzItGmARP3uq3,retail,linkedin.com/company/arihant-furnishing,sūrat,arihant furnishing,gujarat,1-10,
india,,ENeS6IE9elxkN8TCulBpUA8dqZDF,retail,linkedin.com/company/balaji-iron-&-hardware-stores,guntūr,balaji iron & hardware stores,andhra pradesh,1-10,balaji-iron-hardware-stores.business.site
india,,Wx9vlQ4f7iwtSwCOr1i7HgTOoeco,retail,linkedin.com/company/priya-general-stores,indore,priya general stores,madhya pradesh,11-50,
india,2018,hBNBtJBlUTAkfMWutmkjUwbUovYx,retail,linkedin.com/company/rx24,indore,cerbosysedu,madhya pradesh,11-50,rx24.com
india,,RdTqlzlXpWHsYBwyCGzB4AevDSnK,retail,linkedin.com/company/raghib,kolkāta,raghib,west bengal,1-10,raghib.business.site
india,,y7cj3U2W8Ywj893RsBB08wbnDTeJ,retail,linkedin.com/company/streetstylestore,new delhi,streetstylestore,delhi,11-50,
india,,B7fvf06n9CkDBZSJFD7rswjyJTRi,retail,linkedin.com/company/shailpik,kolkāta,shailpik,west bengal,11-50,
india,,HJqn52e5ulgB8lJe0mkXNgfCAO5J,retail,linkedin.com/company/kurinji-auto-spares,arcot,kurinji auto spares,tamil nadu,1-10,kurinji-auto-spares.business.site
india,,yBLKliDqFiijBuIwR6uCywb5LOnr,retail,linkedin.com/company/nagraaj-auto-parts-&-service-center,rangaon,nagraaj auto parts & service center,madhya pradesh,1-10,nagraajauto.business.site
india,,9WumrLivgMtDBKp2woBVBApOBYOc,retail,linkedin.com/company/saraswati-computers,delhi,saraswati computers,delhi,51-200,indiamart.com/company/52482976
india,,5OvpXChu9OVemvDKQUhkuQfsxuT7,retail,linkedin.com/company/partek-computers-world,mangalore,partek computers world,karnataka,201-500,indiamart.com/dreamcomputers
india,,FgDSwd6uj4sOac3WxMdvOA4A7ral,retail,linkedin.com/company/prakash-electronics---india,h.s.sangh,prakash electronics - india,delhi,1-10,prakashelectronicsindia.com
india,2006,f56TpBLUk9dCp9g7S4yKOggYMqgz,retail,linkedin.com/company/visalakshi-marketing-private-limited,delhi,visalakshi marketing private limited,delhi,51-200,vmpl.biz
india,,vBcip6s4ElbczlfsdNdFKQ8I4Gjf,retail,linkedin.com/company/renault-siliguri,shiliguri,renault siliguri,west bengal,1-10,renaultsiliguri.com
india,,30f6miTLsBEE3tEqkvZk6Qyw4e7q,retail,linkedin.com/company/maa-bhagwati-international,karnāl,maa bhagwati international,haryana,201-500,indiamart.com/maa-bhagwati-international
india,2016,Vsz33NF0fGBeNf78dKhT8gqKLMyE,retail,linkedin.com/company/fyndhere,hyderābād,fyndhere,telangana,1-10,fyndhere.com
india,,pUXzIq3dNFC1lpM6B2N8DgFemr5D,retail,linkedin.com/company/sri-vivek-groups,s.p.medical college for women-svims,sri vivek groups,andhra pradesh,51-200,indiamart.com/srivivek-groups
india,,nIPDPColoaATRG1HTduppwLMXO0y,retail,linkedin.com/company/sivsai-electronics,hamīrpur,sivsai electronics,himachal pradesh,11-50,indiamart.com/company/30145940
india,1999,lVj2vHXHflfnflByrR2DoQ3YIur1,retail,linkedin.com/company/glen-applainces,delhi,glen applainces,delhi,11-50,linkedin.com/in/glen-india-b06a80138
india,,JOBQ4FZqQJSpzymUehkt4g8rNR3a,retail,linkedin.com/company/abhizol-motors-industries-pvt-ltd,bharūch,abhizol motors industries pvt ltd,gujarat,1-10,abhizol-motors-industries-pvt-ltd.ueniweb.com
india,,fsVn45xY5H9LGaWBWWZlDQsAhwFJ,retail,linkedin.com/company/directorate-of-horticulture-chattisgarh-raipur,raipur,directorate of horticulture chattisgarh raipur,chhattisgarh,51-200,
india,,rzvesDnXdOWnQOUcYEBgWwOR7qt4,retail,linkedin.com/company/rajasthan-lace-house,muzaffarpur,rajasthan lace house,bihar,1-10,rajasthan-lace-house.business.site
india,,xGYvsxpv67IF8hfoH2YCGgt2qzAO,retail,linkedin.com/company/famous-steel-traders-private-limited,mumbai,famous steel traders private limited,maharashtra,51-200,indiamart.com/famoussteel-traders
india,,L8bXtlFGH7BOsgXcEuTJkgwaDBRn,retail,linkedin.com/company/balloons-unlimited-vikrampuri-karkhana,secunderābād,"balloons unlimited vikrampuri,karkhana",telangana,1-10,balloonsunlimitedvikrampuri.business.site
india,2022,omsoW1jAuA5DbGwBgxE1tQirG67V,retail,linkedin.com/company/99wholesale,mira road,99wholesale,maharashtra,1-10,99wholesale.com
india,,25fL0bLrAy4QdN6R9nNu9QbphyVl,retail,linkedin.com/company/subhash-general-store,hindaun,subhash general store,rajasthan,1-10,subhash-general-store-clothing-store.business.site
india,,CiiDYw98aC54fiQcIuOpcQZOKSU2,retail,linkedin.com/company/govinda-mobile,chānda,govinda mobile,maharashtra,51-200,indiamart.com/govinda-mobile
india,,OEyOwSsehlGODoCaEBCUXAELtzTP,retail,linkedin.com/company/indian-motorcycle-delhi,new delhi,indian motorcycle delhi,delhi,1-10,indianmotorcycledelhi.business.site
india,,XjEwoMh5OBoUdOxkv5XADgrn1SAp,retail,linkedin.com/company/mscape,kalamasseri,mscape,kerala,11-50,indiamart.com/mscape
india,,TC9JtVbOmYLB6KviLdK1fA4TndY2,retail,linkedin.com/company/chill-pure-hydrotech,panchkula,chill pure hydrotech,haryana,1-10,chillpure.com
india,,RusB7AWkOAnSP5WcqysBhAsO32YM,retail,linkedin.com/company/punjab-cycle-stores,raipur,punjab cycle stores,chhattisgarh,1-10,punjabcyclestores-bicyclestore.business.site
india,,JfYnZSEFGbH7eCnXkX81rQwZObna,retail,linkedin.com/company/miten-enterprises,mumbai,miten enterprises,maharashtra,11-50,
